0,1a22.npy,9.47
1,1a3b.npy,9.52
2,1a4y.npy,15.0
3,1acb.npy,9.7
4,1ak4.npy,4.77
5,1akj.npy,3.9
7,1atn.npy,9.35
8,1ava.npy,9.66
9,1avg.npy,11.52
61,1avx.npy,13.22
62,1avz.npy,4.8
64,1ay7.npy,6.0
65,1b27.npy,14.0
66,1b2s.npy,9.8
67,1b2u.npy,7.0
68,1b3s.npy,9.93
69,1b6c.npy,6.55
70,1bql.npy,7.0
71,1brs.npy,13.89
72,1bth.npy,8.0
73,1buh.npy,7.11
74,1bvk.npy,7.85
126,1bvn.npy,11.05
127,1c9p.npy,9.0
128,1c9t.npy,9.0
129,1ca0.npy,8.15
130,1cbw.npy,7.8
131,1clv.npy,9.0
132,1cmx.npy,5.77
184,1d6r.npy,9.89
185,1dee.npy,6.4
186,1dfj.npy,13.23
238,1dhk.npy,10.46
239,1dit.npy,12.0
240,1djs.npy,7.39
241,1dp5.npy,9.05
243,1dqj.npy,8.55
244,1du3.npy,7.8
245,1dzb.npy,6.28
246,1e3u.npy,6.0
247,1e4k.npy,5.77
248,1e6e.npy,6.07
249,1e6j.npy,7.54
301,1e96.npy,5.57
302,1eaw.npy,10.3
303,1eer.npy,9.0
304,1efn.npy,6.42
305,1efx.npy,5.02
306,1eja.npy,9.0
358,1emv.npy,13.62
359,1eo8.npy,8.05
360,1es0.npy,7.1
361,1ewy.npy,8.45
362,1f34.npy,10.0
414,1f3v.npy,5.11
466,1f5r.npy,4.19
518,1f7z.npy,4.91
519,1fak.npy,9.4
520,1fc2.npy,7.65
521,1fe8.npy,5.7
522,1ffw.npy,5.92
523,1fg9.npy,10.0
525,1flt.npy,8.87
526,1fmo.npy,8.64
527,1fqj.npy,7.17
528,1fsk.npy,9.62
580,1fy8.npy,5.05
581,1g0v.npy,10.0
582,1g5j.npy,9.22
583,1g6v.npy,7.14
584,1g9i.npy,6.92
585,1gcq.npy,4.77
586,1gl0.npy,9.1
587,1gl1.npy,9.89
588,1gla.npy,6.74
589,1gng.npy,7.41
590,1gpw.npy,7.72
591,1grn.npy,6.41
592,1gua.npy,7.4
593,1gxd.npy,8.28
594,1h0t.npy,5.22
595,1h1v.npy,7.64
596,1h59.npy,7.43
597,1hcf.npy,9.59
598,1he8.npy,5.6
599,1hez.npy,6.84
600,1hia.npy,7.89
601,1hqr.npy,7.0
602,1hrt.npy,11.52
603,1hxy.npy,9.3
604,1i2m.npy,11.6
605,1i3o.npy,9.01
606,1i4d.npy,5.52
607,1i4e.npy,6.92
608,1i51.npy,6.2
609,1i5k.npy,7.38
610,1i8k.npy,7.66
611,1i8l.npy,6.7
612,1ib1.npy,3.46
613,1ibr.npy,9.52
614,1icf.npy,11.77
615,1id5.npy,8.82
616,1ihs.npy,9.52
617,1ijk.npy,7.64
618,1iqd.npy,10.85
619,1j2j.npy,5.85
671,1j7d.npy,5.7
723,1j7v.npy,10.46
724,1jgn.npy,6.46
725,1jh4.npy,5.82
726,1jiw.npy,11.4
727,1jmo.npy,6.94
728,1jps.npy,10.0
729,1jrh.npy,7.85
730,1jsp.npy,4.3
732,1jtg.npy,9.96
733,1jwh.npy,7.9
734,1k2d.npy,4.0
735,1k5d.npy,6.0
736,1k93.npy,7.7
737,1kac.npy,7.83
738,1kbh.npy,7.47
739,1kgy.npy,7.6
740,1kig.npy,9.74
741,1kkl.npy,7.35
742,1ktk.npy,4.7
743,1ktz.npy,6.54
744,1kxp.npy,9.0
745,1kxq.npy,8.46
746,1kxt.npy,6.63
747,1kxv.npy,8.46
748,1l0x.npy,5.22
749,1l0y.npy,5.22
750,1l4d.npy,6.71
751,1l4z.npy,6.71
752,1l8c.npy,8.15
753,1ldt.npy,8.74
754,1lfd.npy,5.71
755,1lj2.npy,4.57
756,1lm8.npy,6.66
808,1lp1.npy,5.7
809,1lqb.npy,7.51
810,1lqs.npy,8.4
811,1lw6.npy,11.7
812,1lx5.npy,8.92
813,1lzw.npy,6.48
814,1m10.npy,8.24
815,1m1e.npy,9.0
816,1mah.npy,10.6
868,1mcv.npy,7.01
869,1mhh.npy,9.0
870,1mi5.npy,5.0
871,1mlc.npy,7.04
872,1mq8.npy,5.52
873,1mtn.npy,8.02
925,1mzw.npy,5.71
926,1n64.npy,8.89
927,1nb5.npy,10.16
928,1nca.npy,8.08
929,1nez.npy,5.0
930,1nf3.npy,7.3
931,1nl0.npy,8.8
932,1nm5.npy,7.22
933,1nsn.npy,10.0
934,1nvu.npy,5.44
935,1nw9.npy,7.89
936,1nys.npy,8.0
937,1nyu.npy,8.0
938,1o94.npy,5.3
939,1o95.npy,5.3
940,1o9a.npy,6.0
941,1ob1.npy,9.7
942,1oc0.npy,9.0
943,1oey.npy,8.4
944,1ogy.npy,9.3
996,1op9.npy,9.15
1048,1oph.npy,8.3
1049,1oqe.npy,6.96
1050,1otr.npy,3.81
1051,1oyh.npy,7.38
1052,1oyv.npy,8.05
1053,1ozs.npy,4.51
1054,1p0s.npy,10.96
1055,1p1z.npy,4.1
1056,1p22.npy,6.32
1057,1p27.npy,9.15
1058,1p2c.npy,10.01
1059,1p3q.npy,5.92
1060,1p4b.npy,10.4
1061,1p4l.npy,5.52
1062,1p69.npy,7.12
1063,1p6a.npy,7.46
1064,1p9d.npy,4.89
1065,1pd7.npy,6.52
1066,1pk1.npy,7.27
1118,1ppe.npy,11.52
1119,1psb.npy,4.7
1120,1pvh.npy,7.1
1121,1pxv.npy,9.51
1122,1q0w.npy,3.56
1123,1q5w.npy,3.9
1124,1q68.npy,6.4
1125,1q69.npy,6.05
1126,1qa9.npy,6.0
1127,1qfw.npy,8.0
1128,1qse.npy,5.14
1129,1qty.npy,11.0
1130,1qur.npy,12.54
1182,1r0r.npy,10.53
1183,1r6q.npy,6.48
1235,1ri8.npy,8.54
1287,1rjc.npy,10.11
1288,1rkc.npy,7.41
1289,1rke.npy,7.3
1290,1rlb.npy,6.1
1291,1rpq.npy,7.49
1292,1rv6.npy,6.56
1293,1s1q.npy,3.3
1294,1s4y.npy,8.16
1296,1sbb.npy,3.85
1297,1sg1.npy,6.73
1298,1shy.npy,7.05
1299,1shz.npy,5.52
1300,1smf.npy,6.92
1301,1sq0.npy,7.52
1302,1sv0.npy,7.95
1303,1sy6.npy,5.56
1304,1syq.npy,7.83
1305,1t01.npy,7.41
1357,1t0p.npy,4.6
1409,1t5z.npy,4.48
1463,1ta3.npy,8.05
1464,1taw.npy,10.7
1466,1tbq.npy,12.7
1467,1tbr.npy,12.7
1468,1tdq.npy,7.92
1469,1te1.npy,8.47
1521,1tlh.npy,3.52
1573,1tm1.npy,11.52
1625,1tm3.npy,10.72
1729,1tm5.npy,10.77
1781,1tm7.npy,11.48
1833,1to1.npy,9.34
1834,1toc.npy,12.0
1835,1tt5.npy,4.66
1836,1ty4.npy,8.19
1837,1tzh.npy,8.74
1838,1tzn.npy,9.77
1839,1u0i.npy,7.15
1840,1u0s.npy,6.64
1841,1u5s.npy,2.52
1842,1u7f.npy,7.24
1843,1u7v.npy,6.53
1844,1uad.npy,6.86
1846,1uex.npy,8.7
1898,1ugh.npy,10.92
1899,1ul1.npy,7.22
1951,1us7.npy,5.47
2003,1usu.npy,5.48
2004,1usv.npy,5.48
2005,1uug.npy,5.89
2006,1uuz.npy,7.6
2007,1uwx.npy,5.8
2008,1v7p.npy,8.22
2009,1vet.npy,7.89
2011,1vfb.npy,8.43
2012,1vg0.npy,8.3
2013,1vpp.npy,5.09
2014,1vrc.npy,4.55
2015,1vsq.npy,3.3
2016,1vyh.npy,7.1
2017,1vyt.npy,7.7
2018,1w1w.npy,3.59
2019,1w72.npy,7.85
2021,1wa8.npy,7.96
2022,1wdw.npy,7.84
2023,1wej.npy,7.22
2024,1wpx.npy,8.74
2025,1wq1.npy,4.77
2026,1wqj.npy,6.06
2028,1wr6.npy,3.64
2029,1wrd.npy,3.39
2030,1wve.npy,8.15
2031,1x1u.npy,7.88
2032,1x1w.npy,7.58
2033,1x1x.npy,7.28
2034,1x1y.npy,4.9
2035,1x75.npy,7.76
2036,1xd3.npy,6.52
2037,1xdt.npy,8.0
2038,1xg2.npy,8.3
2039,1xj7.npy,4.41
2040,1xqs.npy,5.19
2041,1xt9.npy,6.7
2042,1xu1.npy,8.23
2043,1xwd.npy,3.41
2044,1xx9.npy,8.52
2045,1xxd.npy,6.22
2046,1xxf.npy,6.7
2047,1y1k.npy,9.52
2048,1y33.npy,8.77
2049,1y34.npy,9.28
2050,1y3b.npy,9.51
2051,1y3c.npy,10.6
2052,1y3d.npy,9.25
2053,1y48.npy,8.77
2054,1y4a.npy,8.92
2055,1y4d.npy,8.92
2056,1y6k.npy,9.0
2057,1y6m.npy,6.76
2058,1y6n.npy,7.57
2067,1y76.npy,5.3
2068,1y8n.npy,5.93
2069,1yc0.npy,8.4
2070,1ycs.npy,7.52
2071,1yd8.npy,3.74
2072,1ydi.npy,8.75
2073,1yrt.npy,9.0
2074,1yru.npy,9.0
2075,1yvb.npy,8.19
2076,1yx5.npy,3.46
2077,1yx6.npy,4.14
2078,1yy9.npy,8.64
2079,1yyl.npy,8.4
2080,1yym.npy,5.02
2081,1z0k.npy,5.11
2082,1z5s.npy,5.52
2083,1z7x.npy,15.54
2084,1z92.npy,8.0
2085,1za3.npy,7.47
2086,1zc3.npy,7.38
2087,1zc4.npy,7.38
2088,1ze3.npy,5.92
2090,1zhi.npy,6.7
2091,1zjd.npy,8.89
2092,1zli.npy,8.89
2093,1zm4.npy,6.01
2094,1zmy.npy,8.12
2095,1zr0.npy,7.89
2096,1zsg.npy,5.12
2097,1zv5.npy,8.0
2098,1zvh.npy,7.15
2099,1zvy.npy,10.0
2100,2a24.npy,4.52
2101,2a6d.npy,6.82
2102,2a6i.npy,6.92
2103,2a6k.npy,6.68
2104,2a78.npy,7.22
2105,2a7u.npy,6.92
2106,2a9h.npy,6.05
2107,2a9k.npy,7.22
2108,2abz.npy,8.55
2109,2ajf.npy,8.0
2110,2ak4.npy,5.0
2111,2aq1.npy,8.26
2112,2aq2.npy,7.96
2113,2aq3.npy,5.12
2114,2arp.npy,6.37
2115,2ass.npy,8.22
2116,2ast.npy,5.15
2117,2aw2.npy,7.6
2118,2aze.npy,5.31
2119,2b0z.npy,4.0
2120,2b10.npy,5.0
2121,2b11.npy,5.3
2122,2b12.npy,4.7
2123,2b2x.npy,8.72
2124,2b42.npy,8.97
2125,2b4j.npy,7.96
2126,2b7c.npy,6.4
2127,2b87.npy,7.0
2128,2bdn.npy,11.34
2129,2bnq.npy,5.3
2130,2bnr.npy,4.88
2131,2bo9.npy,8.52
2132,2bqz.npy,4.7
2133,2btf.npy,5.64
2134,2bwe.npy,4.1
2135,2byk.npy,5.64
2136,2bym.npy,5.64
2137,2c0l.npy,6.96
2138,2c5d.npy,8.22
2139,2c7m.npy,5.19
2140,2c7n.npy,5.19
2141,2cjs.npy,7.0
2142,2cmr.npy,10.3
2143,2cpk.npy,8.64
2144,2d10.npy,8.77
2145,2d1k.npy,6.64
2146,2dd8.npy,7.7
2147,2den.npy,4.77
2148,2djy.npy,4.4
2149,2dsp.npy,5.52
2150,2dsq.npy,6.26
2151,2dsr.npy,6.5
2152,2dx5.npy,3.48
2153,2efd.npy,8.14
2154,2efh.npy,7.44
2155,2es4.npy,8.3
2156,2f31.npy,6.99
2157,2f4m.npy,7.19
2158,2f5z.npy,9.11
2159,2f9z.npy,6.05
2160,2fdb.npy,6.81
2161,2few.npy,2.43
2162,2fjg.npy,8.82
2163,2fjh.npy,7.92
2164,2fju.npy,5.28
2166,2ftm.npy,10.8
2167,2fu5.npy,9.15
2168,2fuh.npy,3.52
2169,2fyl.npy,5.55
2170,2g2u.npy,5.9
2171,2g2w.npy,6.24
2172,2g45.npy,5.55
2173,2g81.npy,7.87
2174,2g9h.npy,7.0
2175,2gh0.npy,7.05
2176,2gng.npy,5.22
2177,2gox.npy,9.1
2178,2gww.npy,9.96
2179,2h62.npy,5.57
2180,2h9g.npy,8.3
2181,2hd5.npy,5.55
2182,2hev.npy,7.21
2183,2hfg.npy,9.22
2184,2hle.npy,7.4
2185,2hqs.npy,7.57
2186,2hqw.npy,8.7
2187,2hrk.npy,8.05
2188,2hsq.npy,8.18
2189,2hth.npy,3.98
2190,2hwn.npy,8.7
2191,2i25.npy,9.0
2192,2i26.npy,8.03
2193,2i32.npy,5.89
2194,2i3s.npy,5.44
2195,2i3t.npy,5.57
2196,2i5y.npy,8.57
2197,2i60.npy,8.2
2198,2i9b.npy,9.02
2199,2ibf.npy,8.11
2200,2iff.npy,8.0
2201,2ifg.npy,9.05
2202,2ihs.npy,7.4
2203,2ij0.npy,9.74
2204,2ijo.npy,7.62
2205,2iou.npy,5.46
2206,2iwg.npy,7.43
2207,2ixq.npy,6.15
2208,2iy0.npy,7.97
2209,2iy1.npy,6.1
2210,2iyb.npy,5.44
2211,2j0t.npy,9.4
2212,2j12.npy,7.7
2213,2j1k.npy,8.96
2214,2j4w.npy,9.22
2215,2j59.npy,7.26
2216,2j5l.npy,7.11
2217,2j6e.npy,6.22
2218,2j7p.npy,8.0
2219,2j8s.npy,7.55
2220,2j8x.npy,8.1
2221,2jby.npy,7.3
2222,2jel.npy,8.55
2224,2jix.npy,7.52
2225,2jjs.npy,5.92
2226,2jjt.npy,5.92
2227,2jki.npy,5.79
2228,2jod.npy,6.46
2230,2jti.npy,6.23
2231,2jtt.npy,5.31
2232,2ju0.npy,7.0
2233,2jy6.npy,4.7
2234,2jzn.npy,3.3
2235,2k05.npy,6.7
2236,2k2s.npy,7.28
2237,2k2u.npy,6.44
2238,2k3s.npy,5.57
2239,2k3u.npy,8.08
2240,2k42.npy,7.46
2242,2k6d.npy,3.77
2243,2k79.npy,3.17
2244,2k7a.npy,3.17
2245,2k8b.npy,2.74
2246,2k8c.npy,2.74
2248,2ka4.npy,7.24
2249,2ka6.npy,7.28
2250,2kbw.npy,6.49
2251,2kc8.npy,6.7
2252,2kde.npy,5.05
2253,2kgx.npy,5.05
2254,2khs.npy,6.44
2255,2ki4.npy,5.87
2256,2kj4.npy,7.19
2257,2knb.npy,4.96
2258,2kqs.npy,4.26
2259,2kri.npy,4.34
2260,2kt5.npy,4.55
2261,2ktf.npy,4.64
2262,2kvq.npy,4.3
2263,2kwi.npy,6.74
2264,2kwj.npy,6.3
2265,2kwk.npy,5.64
2266,2kwo.npy,4.33
2267,2kwu.npy,4.29
2268,2kwv.npy,4.05
2269,2kxh.npy,4.85
2270,2kxw.npy,8.0
2271,2kyg.npy,7.17
2272,2l0f.npy,3.76
2273,2l0t.npy,4.19
2274,2l14.npy,5.51
2275,2l1l.npy,8.15
2276,2l29.npy,7.82
2277,2l2l.npy,7.91
2278,2l9s.npy,5.66
2279,2ld7.npy,8.04
2280,2leh.npy,8.48
2281,2lfw.npy,8.25
2282,2lkm.npy,7.92
2283,2lnh.npy,7.4
2284,2lox.npy,6.72
2285,2lp0.npy,4.65
2287,2lpb.npy,5.0
2288,2lqc.npy,5.54
2289,2lqh.npy,4.07
2291,2lvo.npy,4.89
2292,2lvp.npy,4.87
2293,2lvq.npy,4.65
2294,2lww.npy,7.24
2295,2lxm.npy,10.1
2296,2lxp.npy,7.42
2297,2ly4.npy,6.46
2298,2lz6.npy,4.92
2299,2m04.npy,8.0
2300,2m0g.npy,7.08
2301,2m49.npy,5.0
2302,2m5a.npy,7.32
2303,2m5b.npy,5.0
2304,2m86.npy,8.59
2305,2ma9.npy,5.91
2306,2mak.npy,3.51
2307,2mbb.npy,3.89
2308,2mcn.npy,5.72
2309,2mej.npy,4.77
2310,2mfq.npy,5.28
2311,2mj5.npy,5.37
2312,2mjw.npy,5.21
2313,2mkc.npy,8.11
2314,2mnu.npy,6.64
2315,2mp0.npy,1.6
2316,2mre.npy,4.72
2317,2mro.npy,3.82
2318,2mur.npy,5.03
2319,2mv7.npy,8.81
2320,2mws.npy,4.35
2321,2mzd.npy,6.06
2322,2n01.npy,6.0
2323,2n13.npy,5.51
2324,2n1d.npy,7.22
2325,2n2h.npy,6.03
2327,2nbv.npy,5.03
2328,2noj.npy,7.89
2329,2nqd.npy,10.41
2330,2nup.npy,5.0
2331,2nut.npy,5.0
2332,2nyy.npy,9.9
2333,2nyz.npy,9.05
2334,2nz1.npy,7.74
2335,2nz9.npy,9.87
2338,2o98.npy,9.07
2339,2odg.npy,6.23
2340,2ody.npy,8.74
2341,2oin.npy,6.29
2342,2onl.npy,8.22
2343,2oob.npy,4.24
2344,2oor.npy,7.81
2345,2oqj.npy,3.7
2346,2ot3.npy,5.74
2347,2otk.npy,7.77
2348,2oul.npy,8.77
2349,2oza.npy,8.6
2350,2p1l.npy,5.64
2351,2p3f.npy,10.37
2361,2p42.npy,7.64
2362,2p43.npy,7.64
2364,2p45.npy,6.94
2365,2p46.npy,6.94
2366,2p47.npy,8.94
2367,2p48.npy,8.94
2368,2p49.npy,7.64
2369,2p4a.npy,9.74
2370,2p5e.npy,10.32
2371,2p5t.npy,9.0
2372,2pcb.npy,5.0
2373,2pcc.npy,5.8
2374,2phe.npy,4.82
2375,2pjy.npy,6.3
2376,2pkg.npy,5.97
2377,2pms.npy,7.99
2378,2pon.npy,5.85
2379,2pop.npy,5.38
2380,2psm.npy,10.52
2381,2ptc.npy,13.22
2382,2ptt.npy,5.4
2383,2pw8.npy,13.6
2384,2px9.npy,4.06
2385,2pye.npy,7.09
2386,2q0o.npy,7.83
2387,2q7n.npy,11.0
2388,2qc1.npy,11.0
2389,2qej.npy,8.96
2390,2qho.npy,4.22
2391,2qiy.npy,6.92
2392,2qj9.npy,8.62
2444,2qja.npy,8.96
2445,2qjb.npy,8.31
2446,2qr0.npy,8.11
2447,2qur.npy,6.3
2448,2qxv.npy,6.42
2449,2r0k.npy,9.22
2450,2r0l.npy,7.84
2451,2r56.npy,5.3
2503,2r9p.npy,4.85
2504,2ra3.npy,10.7
2505,2rf9.npy,4.89
2506,2rgn.npy,7.44
2507,2rmk.npy,6.77
2508,2rms.npy,6.87
2510,2roz.npy,6.49
2511,2rr3.npy,5.68
2512,2ru4.npy,6.9
2513,2ruk.npy,4.62
2514,2rvb.npy,6.84
2515,2sic.npy,10.15
2516,2sni.npy,11.7
2517,2tgp.npy,5.62
2518,2uuy.npy,8.25
2519,2uyz.npy,7.09
2520,2uzi.npy,9.46
2521,2v3b.npy,5.3
2522,2v4z.npy,5.9
2523,2v51.npy,6.0
2524,2v52.npy,5.72
2525,2v5q.npy,7.15
2526,2v6x.npy,4.55
2527,2v8s.npy,4.66
2528,2v9t.npy,8.09
2529,2vay.npy,8.1
2530,2vdb.npy,9.82
2531,2ve7.npy,5.4
2532,2ver.npy,4.88
2533,2vir.npy,9.0
2585,2vis.npy,5.4
2586,2vlj.npy,5.28
2587,2vln.npy,11.77
2639,2vlo.npy,12.05
2640,2vlp.npy,12.27
2641,2vlq.npy,10.64
2642,2vlr.npy,5.31
2643,2vof.npy,9.15
2644,2vog.npy,6.68
2645,2voh.npy,9.0
2646,2voi.npy,8.96
2647,2vsm.npy,7.46
2648,2vwe.npy,9.94
2649,2vxq.npy,9.96
2650,2vxs.npy,8.68
2651,2vxt.npy,9.7
2652,2vyr.npy,7.36
2653,2w19.npy,6.85
2654,2w2m.npy,6.71
2655,2w2n.npy,6.85
2656,2w2x.npy,4.66
2657,2w80.npy,8.4
2658,2w81.npy,8.4
2659,2w83.npy,6.38
2660,2w84.npy,7.15
2661,2w8b.npy,7.42
2662,2w9e.npy,10.0
2714,2wbj.npy,3.25
2715,2wd5.npy,7.66
2716,2wfx.npy,7.85
2717,2wg3.npy,7.13
2718,2wg4.npy,7.13
2719,2wh6.npy,7.74
2720,2wii.npy,4.96
2721,2wjv.npy,6.7
2722,2wo2.npy,4.97
2723,2wo3.npy,5.64
2724,2wp3.npy,6.1
2725,2wpt.npy,7.0
2726,2wqz.npy,6.88
2727,2wss.npy,7.1
2728,2wub.npy,6.82
2729,2wuc.npy,6.79
2730,2wus.npy,5.3
2731,2wwk.npy,5.89
2733,2wx0.npy,5.1
2734,2wy2.npy,2.89
2735,2wy3.npy,7.18
2736,2wy8.npy,6.44
2737,2x1w.npy,7.8
2738,2x1x.npy,7.8
2739,2x2d.npy,5.21
2740,2x89.npy,7.36
2741,2x9a.npy,5.36
2742,2xa0.npy,7.45
2743,2xb6.npy,6.94
2744,2xbb.npy,4.96
2745,2xdf.npy,4.68
2746,2xgy.npy,4.52
2747,2xhe.npy,8.41
2748,2xns.npy,6.09
2800,2xpx.npy,6.82
2801,2xqb.npy,10.28
2802,2xqr.npy,7.51
2803,2xqw.npy,6.74
2804,2xra.npy,8.48
2805,2xtj.npy,8.36
2807,2xzd.npy,8.02
2808,2xze.npy,6.95
2809,2y0b.npy,8.22
2810,2y5b.npy,5.38
2811,2y6t.npy,11.7
2812,2y8s.npy,9.0
2813,2y8t.npy,7.99
2814,2y9m.npy,8.7
2815,2ybr.npy,9.68
2816,2ygg.npy,7.7
2817,2yj1.npy,7.59
2818,2ypl.npy,5.52
2819,2ypv.npy,10.52
2820,2yq7.npy,7.46
2821,2yvj.npy,3.53
2822,2z34.npy,6.05
2823,2z3q.npy,10.42
2824,2z3r.npy,10.42
2825,2z58.npy,7.8
2826,2z7f.npy,7.89
2827,2z8v.npy,8.32
2828,2z8w.npy,8.33
2829,2za4.npy,9.85
2830,2zvk.npy,6.4
2831,2zvn.npy,5.8
2832,2zvo.npy,5.8
2833,2zxx.npy,8.36
2834,3a4s.npy,5.55
2835,3a67.npy,8.25
2836,3a6b.npy,6.97
2837,3a6c.npy,8.15
2838,3aaa.npy,7.68
2839,3ajb.npy,7.39
2891,3alz.npy,6.28
2892,3aon.npy,8.49
2893,3au4.npy,6.28
2945,3ay4.npy,7.22
2946,3b08.npy,4.76
2947,3b23.npy,9.5
2948,3b2u.npy,9.0
2949,3b2v.npy,8.48
3001,3b4v.npy,10.52
3002,3b9f.npy,4.62
3003,3bdy.npy,6.52
3004,3be1.npy,7.59
3005,3beg.npy,7.3
3006,3bg4.npy,7.46
3007,3bgf.npy,7.59
3009,3bik.npy,5.1
3010,3biw.npy,7.01
3011,3bk3.npy,7.66
3012,3bky.npy,7.52
3013,3blh.npy,6.52
3014,3bn3.npy,4.7
3015,3bp8.npy,8.38
3016,3bpl.npy,6.25
3017,3bpn.npy,6.31
3069,3bpo.npy,7.7
3070,3bs5.npy,7.03
3071,3bx1.npy,8.35
3072,3bzd.npy,4.02
3073,3c09.npy,7.37
3074,3c4m.npy,6.01
3075,3c4o.npy,8.34
3076,3c4p.npy,8.36
3077,3c59.npy,8.3
3078,3c5t.npy,9.22
3079,3c66.npy,5.52
3080,3c8k.npy,3.99
3081,3c9a.npy,8.11
3083,3chw.npy,7.24
3084,3cqc.npy,8.4
3085,3cqg.npy,8.4
3086,3cqx.npy,5.35
3087,3crk.npy,5.08
3088,3cx6.npy,5.32
3089,3cx7.npy,6.28
3141,3cx8.npy,6.47
3142,3d1m.npy,5.57
3143,3d2u.npy,8.4
3144,3d39.npy,6.19
3145,3d3v.npy,6.34
3146,3d5o.npy,6.0
3147,3d5r.npy,7.72
3148,3d5s.npy,7.59
3149,3d7t.npy,4.15
3150,3d7u.npy,4.52
3151,3da7.npy,6.89
3152,3dco.npy,4.94
3153,3ddc.npy,6.11
3154,3dgc.npy,9.0
3155,3di2.npy,4.74
3157,3dmm.npy,5.09
3158,3doe.npy,7.7
3159,3dvg.npy,8.06
3160,3dvm.npy,8.36
3161,3dvn.npy,7.04
3162,3dvu.npy,6.7
3163,3dxa.npy,6.52
3164,3dxc.npy,6.66
3165,3dxd.npy,6.47
3166,3dxe.npy,6.48
3167,3e1z.npy,10.44
3168,3e2h.npy,5.34
3169,3e2k.npy,10.16
3170,3e2l.npy,10.16
3171,3e2u.npy,5.64
3172,3e3q.npy,6.94
3224,3eab.npy,4.92
3276,3eba.npy,8.63
3277,3ech.npy,6.52
3278,3eg5.npy,5.9
3279,3ehu.npy,5.18
3280,3eiq.npy,6.96
3281,3ejh.npy,5.3
3282,3ejj.npy,6.34
3283,3eo1.npy,9.6
3284,3eoa.npy,8.66
3285,3eob.npy,8.66
3286,3eoy.npy,8.55
3287,3etb.npy,10.54
3288,3ew3.npy,8.92
3289,3f1p.npy,3.92
3290,3f50.npy,8.05
3291,3f5c.npy,6.05
3343,3f7p.npy,4.31
3344,3ff7.npy,3.7
3345,3ff8.npy,3.89
3346,3ffc.npy,5.05
3347,3fhc.npy,7.67
3348,3fie.npy,9.0
3349,3fii.npy,8.72
3350,3fju.npy,8.8
3351,3fku.npy,9.89
3352,3fp6.npy,13.0
3353,3fpu.npy,9.92
3354,3fsh.npy,8.3
3355,3fxd.npy,7.7
3356,3g3a.npy,6.37
3357,3g3b.npy,7.47
3358,3g6d.npy,10.82
3359,3g6j.npy,8.72
3360,3g7a.npy,8.05
3412,3g7z.npy,10.7
3413,3g9v.npy,12.0
3414,3g9w.npy,4.44
3415,3gb8.npy,5.19
3416,3gc3.npy,5.68
3417,3gd1.npy,6.01
3419,3gj4.npy,5.18
3420,3gj5.npy,4.33
3421,3gj6.npy,5.19
3422,3gj7.npy,5.4
3423,3gj8.npy,5.52
3424,3gjf.npy,7.2
3425,3gjn.npy,12.0
3426,3gmw.npy,10.3
3427,3gni.npy,7.92
3428,3gqi.npy,7.48
3429,3gs2.npy,8.04
3430,3gsn.npy,4.56
3431,3gxu.npy,6.69
3432,3h2u.npy,4.9
3433,3h2v.npy,4.66
3434,3h3g.npy,6.0
3435,3h3p.npy,7.85
3436,3h42.npy,11.4
3438,3h6s.npy,10.1
3439,3h7b.npy,4.39
3440,3h8d.npy,7.1
3441,3h8k.npy,7.68
3493,3hae.npy,7.34
3494,3hct.npy,5.83
3495,3hcu.npy,5.83
3496,3he6.npy,7.16
3497,3he7.npy,6.53
3498,3hg0.npy,7.8
3499,3hh2.npy,7.91
3500,3hi1.npy,7.95
3501,3hi6.npy,5.33
3502,3ho5.npy,6.66
3503,3hpw.npy,4.89
3504,3htu.npy,5.74
3505,3hug.npy,7.7
3506,3huj.npy,6.7
3507,3ia3.npy,7.03
3508,3idb.npy,7.95
3509,3idc.npy,9.22
3510,3idx.npy,8.39
3511,3idy.npy,8.39
3512,3im4.npy,7.32
3513,3inb.npy,6.7
3514,3iol.npy,6.3
3515,3it8.npy,10.37
3516,3iu3.npy,9.85
3517,3ixe.npy,5.64
3518,3ixs.npy,7.05
3519,3ixt.npy,10.46
3520,3jrm.npy,12.0
3521,3jse.npy,11.52
3522,3jsv.npy,3.88
3523,3jtl.npy,11.15
3524,3jvf.npy,6.53
3525,3jza.npy,11.52
3526,3k1r.npy,9.0
3527,3k2m.npy,8.15
3528,3k2u.npy,9.8
3529,3k3q.npy,9.83
3530,3k6g.npy,7.78
3531,3k75.npy,6.96
3532,3k8p.npy,8.0
3533,3k9m.npy,8.7
3534,3kbt.npy,8.03
3535,3kj0.npy,8.7
3536,3kj1.npy,8.7
3537,3kj2.npy,8.7
3538,3kls.npy,8.26
3540,3kpr.npy,5.82
3541,3kps.npy,4.31
3542,3kr3.npy,10.31
3543,3kuc.npy,6.35
3546,3kxf.npy,4.57
3547,3kyi.npy,3.66
3548,3kz0.npy,6.56
3549,3kz1.npy,6.96
3550,3l33.npy,6.87
3551,3l5n.npy,6.74
3552,3l5w.npy,10.28
3553,3l5x.npy,9.57
3554,3l89.npy,6.55
3555,3l95.npy,8.6
3556,3l9j.npy,9.47
3557,3laq.npy,9.77
3558,3lb6.npy,11.33
3559,3lb8.npy,4.18
3560,3lbx.npy,6.4
3561,3lev.npy,9.22
3562,3lh2.npy,10.33
3563,3lhp.npy,10.55
3564,3lk4.npy,8.82
3565,3lms.npy,8.92
3566,3lqa.npy,5.8
3567,3m0a.npy,5.77
3568,3m18.npy,9.74
3569,3m63.npy,6.76
3570,3m9d.npy,5.47
3571,3ma2.npy,5.82
3572,3ma9.npy,8.0
3573,3mac.npy,6.7
3574,3mc0.npy,6.9
3575,3mca.npy,6.41
3576,3me2.npy,10.17
3628,3mhp.npy,5.56
3629,3mj7.npy,5.3
3630,3mj9.npy,8.1
3631,3mjh.npy,5.62
3683,3mv7.npy,5.66
3735,3mv8.npy,4.46
3736,3mv9.npy,5.24
3737,3mxw.npy,9.15
3738,3mzg.npy,2.3
3739,3mzw.npy,10.66
3740,3n00.npy,6.66
3741,3n06.npy,2.51
3742,3n0p.npy,2.29
3744,3ncb.npy,1.03
3745,3ncc.npy,0.67
3746,3nfp.npy,9.57
3747,3ngb.npy,8.11
3799,3nh7.npy,7.7
3800,3noc.npy,8.82
3801,3nog.npy,7.65
3802,3nps.npy,10.15
3803,3npz.npy,5.5
3804,3nvn.npy,8.03
3805,3nvq.npy,6.54
3806,3o34.npy,5.06
3807,3o40.npy,8.85
3808,3o43.npy,8.05
3809,3o5t.npy,5.82
3810,3o6b.npy,6.64
3811,3o6f.npy,5.26
3812,3o6q.npy,9.34
3813,3o8x.npy,6.16
3814,3o9w.npy,5.21
3815,3oak.npy,6.77
3816,3oed.npy,6.3
3817,3ogo.npy,9.49
3818,3oiq.npy,5.42
3819,3oj2.npy,6.89
3820,3ojm.npy,6.89
3822,3ol2.npy,5.26
3823,3olm.npy,4.04
3825,3onl.npy,4.92
3826,3onw.npy,8.64
3827,3opz.npy,9.14
3828,3orv.npy,5.03
3829,3osl.npy,8.74
3830,3oun.npy,7.24
3882,3owt.npy,5.6
3883,3oxu.npy,4.47
3884,3p0y.npy,8.72
3885,3p11.npy,9.41
3886,3p6z.npy,5.71
3887,3p71.npy,6.42
3888,3p8m.npy,8.15
3889,3p92.npy,8.23
3890,3p95.npy,5.82
3942,3p9w.npy,7.8
3943,3pbp.npy,7.3
3944,3pl6.npy,4.84
3945,3pmh.npy,7.09
3946,3pnr.npy,7.92
3947,3pp4.npy,5.15
3948,3pvm.npy,7.38
3949,3q1s.npy,7.14
3950,3q3g.npy,8.3
3951,3q4f.npy,5.39
3952,3q9n.npy,7.77
3953,3q9u.npy,8.28
3954,3qbr.npy,7.17
3955,3qbt.npy,6.05
3956,3qbv.npy,6.32
3957,3qc8.npy,4.95
3958,3qdg.npy,5.25
3959,3qdj.npy,4.4
3960,3qdm.npy,4.54
3961,3qeq.npy,3.77
3962,3qht.npy,7.09
3963,3qhy.npy,11.96
3964,3qi2.npy,7.35
3965,3qib.npy,4.86
3966,3qiu.npy,6.49
3967,3qiw.npy,3.3
3968,3qlu.npy,7.96
3969,3qml.npy,7.89
4021,3qq8.npy,5.82
4022,3qs7.npy,7.4
4023,3qsk.npy,7.04
4024,3qt2.npy,8.72
4025,3qtl.npy,8.84
4026,3qux.npy,6.61
4027,3quy.npy,6.73
4028,3quz.npy,7.4
4029,3qwo.npy,7.06
4030,3qwq.npy,8.7
4031,3qwr.npy,8.7
4032,3r0l.npy,8.35
4033,3r1g.npy,8.89
4034,3r4d.npy,7.67
4035,3r85.npy,4.38
4036,3r9a.npy,5.46
4088,3rbb.npy,7.91
4089,3rdt.npy,5.22
4090,3rdz.npy,8.57
4091,3rea.npy,6.75
4092,3reb.npy,7.02
4093,3rgf.npy,8.15
4094,3rgv.npy,4.82
4095,3rk3.npy,5.7
4096,3rkd.npy,8.23
4097,3rpg.npy,5.3
4098,3rt0.npy,5.92
4099,3rtq.npy,6.82
4151,3ru8.npy,7.47
4152,3rug.npy,5.36
4153,3ry6.npy,3.3
4154,3rzc.npy,6.14
4155,3rzw.npy,7.17
4156,3s2k.npy,7.15
4157,3s4s.npy,5.06
4158,3s5l.npy,5.28
4159,3s8v.npy,7.3
4160,3scm.npy,5.52
4161,3sda.npy,5.28
4162,3sdc.npy,4.97
4163,3sdd.npy,5.32
4164,3sgb.npy,10.75
4165,3sgk.npy,8.54
4166,3sip.npy,6.0
4167,3sja.npy,7.77
4168,3sjd.npy,7.51
4220,3sjh.npy,5.47
4272,3sjv.npy,4.51
4273,3skj.npy,9.09
4274,3sku.npy,7.15
4275,3so3.npy,9.41
4276,3sqo.npy,11.3
4277,3sri.npy,6.78
4278,3ssb.npy,9.22
4279,3sua.npy,4.72
4280,3syn.npy,6.22
4281,3t04.npy,7.28
4282,3t0y.npy,6.71
4283,3t1q.npy,5.3
4284,3t2n.npy,7.4
4285,3t4a.npy,4.77
4286,3t6g.npy,7.52
4287,3tac.npy,6.26
4288,3tei.npy,6.3
4289,3tg1.npy,6.0
4341,3tgk.npy,4.92
4342,3thm.npy,9.46
4343,3tje.npy,7.77
4344,3tjz.npy,6.0
4396,3tkl.npy,6.37
4397,3tl8.npy,5.46
4398,3tn0.npy,5.66
4399,3tnf.npy,11.0
4400,3to4.npy,7.3
4401,3tq7.npy,5.82
4402,3tsr.npy,15.7
4403,3tu3.npy,7.24
4404,3tvj.npy,8.22
4405,3tvm.npy,7.28
4406,3twi.npy,6.22
4407,3tz1.npy,6.85
4408,3u1j.npy,7.59
4409,3u43.npy,15.0
4410,3u82.npy,7.77
4411,3u8x.npy,5.47
4412,3u9d.npy,6.3
4413,3u9z.npy,5.81
4414,3uai.npy,7.35
4415,3uaj.npy,8.54
4416,3uc0.npy,8.89
4417,3uir.npy,9.36
4418,3ujg.npy,5.77
4419,3ul4.npy,7.94
4420,3ula.npy,8.55
4421,3uts.npy,3.56
4422,3ux9.npy,9.13
4474,3uyo.npy,5.17
4476,3uz0.npy,6.25
4477,3uze.npy,8.1
4478,3uzq.npy,10.09
4479,3uzv.npy,9.37
4480,3v1c.npy,7.52
4481,3v3k.npy,7.41
4482,3v4y.npy,7.75
4483,3v62.npy,7.1
4484,3v6b.npy,6.55
4485,3v6o.npy,9.0
4486,3v6z.npy,6.92
4487,3v96.npy,8.96
4488,3ve0.npy,5.71
4489,3vep.npy,4.99
4490,3vfm.npy,4.05
4491,3vfn.npy,3.73
4492,3vfo.npy,3.7
4493,3vfp.npy,4.09
4494,3vfr.npy,3.92
4495,3vfs.npy,3.7
4496,3vft.npy,3.7
4497,3vfu.npy,3.7
4498,3vfv.npy,4.68
4499,3vfw.npy,4.35
4500,3vg9.npy,8.36
4501,3vh8.npy,4.77
4502,3vhx.npy,4.82
4503,3vpj.npy,8.56
4555,3vux.npy,5.05
4608,3vwj.npy,6.13
4609,3vwk.npy,6.08
4610,3vxr.npy,5.01
4611,3vxs.npy,4.19
4612,3vxu.npy,5.8
4613,3vyr.npy,6.85
4614,3vza.npy,6.32
4615,3w2d.npy,9.24
4616,3w6j.npy,7.25
4617,3w8h.npy,6.79
4669,3w8i.npy,8.67
4670,3w9e.npy,8.44
4671,3wa0.npy,5.58
4672,3wa5.npy,7.55
4673,3wd5.npy,9.94
4674,3wdg.npy,8.92
4675,3wih.npy,7.72
4676,3wkn.npy,8.8
4677,3wkt.npy,7.0
4678,3wn5.npy,5.8
4679,3wn7.npy,8.14
4680,3wo3.npy,7.16
4681,3wo4.npy,7.82
4733,3wqb.npy,8.74
4734,3wrx.npy,5.68
4735,3wry.npy,6.51
4736,3wwk.npy,5.52
4788,3wwn.npy,5.18
4789,3wwq.npy,4.44
4790,3zet.npy,6.54
4791,3zeu.npy,6.54
4792,3zjy.npy,5.52
4793,3zkq.npy,8.92
4794,3znz.npy,6.71
4795,3zo0.npy,6.36
4796,3zrz.npy,10.52
4797,3zs8.npy,7.29
4798,3zs9.npy,6.82
4799,3zu7.npy,8.18
4800,3zuv.npy,6.93
4801,3zv0.npy,3.96
4802,3zwh.npy,5.81
4803,3zwl.npy,6.8
4804,3zwz.npy,7.69
4805,3zyi.npy,8.14
4806,3zyj.npy,8.1
4807,4a1u.npy,6.27
4859,4a49.npy,4.38
4860,4a94.npy,11.31
4861,4aei.npy,9.1
4862,4afq.npy,8.62
4863,4afz.npy,9.05
4864,4ag2.npy,8.21
4865,4al8.npy,9.35
4866,4ala.npy,9.33
4867,4am0.npy,9.38
4868,4an7.npy,8.49
4869,4aoq.npy,6.7
4870,4aor.npy,7.22
4871,4ap2.npy,7.7
4872,4apf.npy,6.19
4874,4aqe.npy,5.62
4875,4asw.npy,7.0
4876,4auo.npy,6.4
4877,4auq.npy,3.87
4878,4awx.npy,6.3
4879,4ayd.npy,6.09
4880,4aye.npy,5.48
4881,4ayi.npy,8.7
4882,4b0m.npy,5.62
4883,4b1v.npy,6.49
4884,4b1x.npy,5.36
4885,4b1y.npy,6.57
4937,4b93.npy,5.64
4938,4bd9.npy,7.51
4939,4bfi.npy,6.22
4940,4bj5.npy,4.52
4941,4bkl.npy,6.56
4942,4bpk.npy,7.6
4943,4bpx.npy,6.6
4944,4bq6.npy,7.57
4945,4bqd.npy,9.3
4946,4bru.npy,6.7
4947,4brw.npy,7.3
4948,4bwq.npy,4.71
4949,4bxl.npy,6.62
4950,4bxz.npy,5.42
4951,4c1n.npy,7.74
4952,4c2a.npy,8.01
5004,4c2b.npy,8.05
5005,4c4k.npy,5.57
5006,4c4p.npy,6.6
5007,4c5g.npy,5.99
5059,4c7n.npy,9.0
5060,4c99.npy,6.94
5061,4c9b.npy,7.55
5062,4cc4.npy,5.27
5063,4cdk.npy,5.72
5064,4cj0.npy,7.01
5065,4cj1.npy,7.32
5066,4cj2.npy,7.96
5067,4cmh.npy,9.7
5068,4cmm.npy,6.1
5069,4cni.npy,11.0
5070,4ct0.npy,7.55
5071,4cvw.npy,10.52
5073,4d0n.npy,4.74
5074,4d2g.npy,5.25
5075,4d9q.npy,10.52
5076,4d9r.npy,11.4
5077,4day.npy,8.35
5078,4dbg.npy,6.28
5079,4dck.npy,6.92
5080,4dcn.npy,5.48
5081,4dg4.npy,5.57
5082,4dge.npy,4.41
5083,4dgi.npy,6.35
5084,4dh2.npy,7.49
5085,4di3.npy,7.22
5137,4did.npy,5.22
5138,4dj9.npy,7.0
5139,4djz.npy,8.15
5140,4dkd.npy,7.03
5141,4dke.npy,9.92
5142,4dkf.npy,8.51
5143,4dm6.npy,5.82
5144,4dm8.npy,5.82
5145,4dn4.npy,10.66
5146,4doh.npy,6.16
5147,4doq.npy,6.85
5148,4dra.npy,5.93
5149,4drx.npy,6.81
5201,4ds8.npy,5.11
5202,4dt1.npy,6.25
5203,4dtg.npy,10.14
5204,4dvg.npy,5.52
5256,4dx8.npy,5.91
5257,4dxa.npy,5.74
5258,4dzu.npy,9.7
5259,4dzv.npy,7.96
5260,4e05.npy,8.44
5261,4e41.npy,3.52
5262,4eah.npy,8.77
5263,4edw.npy,8.0
5264,4eee.npy,9.7
5265,4eef.npy,9.22
5266,4ehq.npy,5.89
5267,4ei5.npy,4.75
5268,4eig.npy,9.0
5269,4eiz.npy,8.52
5270,4ekc.npy,7.66
5271,4ekd.npy,7.66
5272,4elm.npy,5.22
5273,4en3.npy,5.6
5274,4eo5.npy,8.62
5326,4eoz.npy,6.0
5327,4eqa.npy,8.62
5328,4ers.npy,8.72
5329,4etp.npy,6.43
5330,4etq.npy,9.74
5331,4etw.npy,5.51
5332,4euk.npy,5.39
5334,4f0a.npy,5.62
5335,4f0z.npy,8.4
5336,4f37.npy,8.26
5337,4f38.npy,8.54
5338,4f3f.npy,9.14
5340,4f9l.npy,7.18
5341,4f9p.npy,7.82
5342,4fao.npy,10.66
5343,4ffy.npy,7.74
5344,4ffz.npy,6.38
5345,4fq0.npy,6.06
5346,4fqj.npy,9.05
5347,4fqv.npy,8.96
5348,4ftg.npy,7.52
5349,4fza.npy,7.0
5350,4fzv.npy,7.88
5351,4g01.npy,5.47
5352,4g35.npy,7.27
5353,4g4s.npy,5.56
5354,4g59.npy,6.38
5355,4g6f.npy,7.77
5356,4g6j.npy,8.39
5357,4g6m.npy,9.54
5358,4g6u.npy,7.75
5410,4g6v.npy,7.68
5411,4g8a.npy,9.73
5412,4g8g.npy,5.34
5413,4g9f.npy,5.96
5414,4gaf.npy,11.74
5415,4geh.npy,7.93
5416,4geq.npy,5.46
5417,4gg6.npy,4.94
5418,4gh7.npy,8.24
5419,4gi3.npy,9.17
5471,4giq.npy,5.68
5472,4gko.npy,2.82
5473,4gla.npy,4.45
5474,4glv.npy,8.53
5475,4gms.npy,7.7
5476,4gn3.npy,5.34
5477,4gn4.npy,6.6
5478,4gn5.npy,7.51
5479,4gnk.npy,6.66
5531,4grl.npy,3.81
5532,4gxu.npy,8.21
5533,4h1l.npy,4.42
5534,4h2s.npy,4.67
5535,4h2w.npy,5.76
5536,4h3p.npy,5.7
5537,4h5s.npy,4.9
5538,4h6j.npy,6.72
5539,4h88.npy,8.54
5591,4hcn.npy,3.97
5643,4hcp.npy,5.03
5644,4hdo.npy,6.44
5645,4hdq.npy,6.02
5646,4hem.npy,8.0
5647,4hep.npy,6.52
5648,4hff.npy,9.57
5649,4hfk.npy,9.57
5650,4hgk.npy,9.72
5651,4hgm.npy,7.8
5652,4hh3.npy,5.89
5653,4hix.npy,6.82
5654,4hj0.npy,7.64
5655,4hjj.npy,9.8
5656,4hkj.npy,6.32
5657,4hkx.npy,6.44
5658,4hlz.npy,8.7
5659,4hmy.npy,4.7
5660,4hrl.npy,9.0
5661,4hsa.npy,8.72
5662,4hx3.npy,8.22
5663,4i0c.npy,6.34
5664,4i18.npy,8.25
5665,4i2x.npy,5.92
5666,4i3r.npy,7.92
5668,4i77.npy,11.0
5669,4i9x.npy,8.22
5670,4ic7.npy,6.37
5671,4idj.npy,11.77
5672,4ihh.npy,7.23
5673,4ihl.npy,6.46
5674,4iiq.npy,4.51
5675,4ij3.npy,9.05
5727,4ika.npy,4.24
5728,4ilg.npy,8.31
5729,4ilw.npy,8.24
5781,4imy.npy,8.0
5782,4iof.npy,8.4
5783,4iop.npy,9.17
5784,4ios.npy,7.72
5785,4iu3.npy,7.68
5786,4iw4.npy,6.21
5788,4j2l.npy,7.05
5840,4j2y.npy,9.06
5841,4j32.npy,8.89
5842,4j4p.npy,7.4
5843,4jan.npy,7.7
5845,4jeg.npy,7.92
5846,4jeh.npy,8.09
5847,4jeu.npy,8.85
5848,4jgh.npy,7.55
5849,4jkp.npy,7.29
5850,4jlr.npy,10.52
5851,4jo6.npy,8.82
5852,4jpk.npy,7.36
5853,4jra.npy,7.55
5854,4jrx.npy,5.43
5855,4jry.npy,4.6
5856,4js0.npy,5.3
5857,4jw2.npy,8.43
5858,4jw3.npy,5.84
5859,4jzj.npy,8.4
5911,4jzw.npy,10.81
5963,4k0a.npy,9.74
5964,4k1r.npy,4.99
5965,4k24.npy,6.27
5966,4k2u.npy,10.82
6018,4k3j.npy,8.92
6019,4k5a.npy,7.99
6020,4k5b.npy,9.19
6021,4k71.npy,8.1
6022,4k81.npy,5.44
6023,4k94.npy,9.2
6024,4k9e.npy,11.19
6025,4ka2.npy,11.08
6026,4kbb.npy,6.74
6027,4kdi.npy,6.15
6028,4kfz.npy,7.03
6029,4kht.npy,8.37
6030,4khx.npy,8.38
6031,4kjy.npy,10.38
6032,4kp3.npy,6.52
6033,4kr0.npy,7.78
6034,4krl.npy,7.33
6035,4kro.npy,6.56
6036,4krp.npy,6.78
6037,4ksd.npy,6.28
6038,4kt3.npy,9.59
6039,4kt5.npy,5.96
6040,4kv5.npy,8.77
6041,4kvg.npy,6.15
6042,4kxz.npy,8.52
6043,4l0p.npy,8.05
6044,4l67.npy,6.49
6045,4lad.npy,7.42
6046,4leo.npy,9.3
6047,4lgp.npy,9.64
6048,4lgr.npy,9.96
6049,4liq.npy,9.7
6050,4llo.npy,4.88
6102,4lmq.npy,9.03
6103,4lqf.npy,10.19
6104,4lqw.npy,4.03
6105,4lrx.npy,4.82
6106,4lrz.npy,6.3
6107,4lu5.npy,10.18
6108,4lyl.npy,7.51
6109,4m0w.npy,5.17
6110,4m1g.npy,7.84
6111,4m38.npy,4.92
6112,4m5f.npy,10.87
6113,4m5z.npy,8.3
6114,4m62.npy,8.59
6115,4m6b.npy,8.15
6116,4m8q.npy,8.4
6117,4may.npy,3.91
6118,4mhh.npy,9.05
6119,4mhj.npy,9.0
6120,4mi8.npy,5.86
6121,4mit.npy,6.75
6122,4mjs.npy,7.67
6123,4ml7.npy,9.57
6124,4mne.npy,7.37
6125,4mp0.npy,8.06
6126,4mqv.npy,5.54
6127,4mqw.npy,9.54
6128,4mrt.npy,6.04
6129,4msm.npy,5.52
6130,4myw.npy,7.72
6131,4n8c.npy,9.4
6132,4n8v.npy,4.65
6133,4n9g.npy,9.49
6134,4naw.npy,7.39
6135,4ne9.npy,5.93
6136,4nee.npy,5.74
6137,4ng2.npy,5.49
6138,4niq.npy,5.3
6139,4nl9.npy,6.6
6140,4nm3.npy,4.22
6141,4nm8.npy,8.6
6142,4nn6.npy,8.82
6143,4noo.npy,8.31
6144,4np4.npy,10.72
6145,4nqw.npy,6.38
6146,4nso.npy,9.01
6147,4nst.npy,5.86
6148,4nu1.npy,4.22
6149,4nzl.npy,7.6
6150,4nzw.npy,6.3
6151,4o1q.npy,5.21
6152,4o27.npy,7.6
6153,4od2.npy,9.04
6154,4odx.npy,8.69
6155,4ofy.npy,6.22
6156,4ons.npy,7.8
6157,4ov6.npy,8.8
6158,4ovn.npy,7.34
6159,4oyd.npy,9.66
6160,4ozf.npy,4.1
6161,4ozg.npy,4.8
6162,4ozh.npy,4.61
6163,4ozi.npy,4.15
6164,4p23.npy,5.22
6165,4p2o.npy,6.0
6166,4p2q.npy,6.0
6167,4p2r.npy,6.0
6169,4p46.npy,4.49
6170,4p59.npy,10.49
6171,4p5t.npy,5.3
6172,4p6i.npy,6.54
6173,4p9h.npy,7.48
6174,4pas.npy,6.9
6175,4pbv.npy,5.62
6176,4pbw.npy,6.26
6177,4pbz.npy,7.3
6178,4pc0.npy,6.7
6179,4peq.npy,15.7
6231,4per.npy,15.0
6232,4pgj.npy,7.59
6233,4pj2.npy,10.33
6234,4pj5.npy,3.7
6235,4pj7.npy,5.57
6236,4pj8.npy,6.0
6237,4pj9.npy,5.62
6238,4pja.npy,5.38
6290,4pjb.npy,5.04
6291,4pjc.npy,5.38
6292,4pjd.npy,5.66
6293,4pje.npy,3.7
6294,4pjf.npy,4.45
6295,4pjg.npy,3.7
6296,4pjh.npy,3.7
6297,4pjx.npy,3.7
6298,4pl8.npy,6.49
6299,4plo.npy,7.42
6300,4pou.npy,6.8
6301,4pp8.npy,6.31
6353,4pqt.npy,5.96
6354,4ps4.npy,11.24
6355,4pw9.npy,4.87
6356,4pwx.npy,6.27
6357,4py8.npy,9.0
6358,4q5e.npy,6.24
6359,4qci.npy,10.55
6360,4qd2.npy,5.57
6361,4qlb.npy,5.8
6362,4qlp.npy,9.64
6363,4qrp.npy,5.61
6364,4qt8.npy,6.55
6365,4qti.npy,7.76
6366,4qxa.npy,6.49
6367,4qzv.npy,4.45
6368,4r2g.npy,7.47
6369,4ra0.npy,11.57
6370,4rdq.npy,7.82
6371,4re1.npy,5.92
6424,4rgm.npy,7.64
6425,4rgo.npy,8.1
6426,4rs1.npy,7.62
6428,4rws.npy,8.22
6429,4s0s.npy,7.94
6430,4s3o.npy,5.21
6431,4thn.npy,10.05
6483,4tq0.npy,5.16
6484,4tq1.npy,3.46
6485,4u0q.npy,5.96
6486,4u2x.npy,9.0
6487,4u30.npy,6.86
6488,4u32.npy,6.42
6489,4u3j.npy,6.8
6490,4u4c.npy,6.51
6491,4u5w.npy,5.58
6492,4u6h.npy,10.04
6544,4u6v.npy,11.0
6545,4u97.npy,5.6
6546,4udm.npy,8.4
6547,4uem.npy,8.19
6548,4uf1.npy,5.16
6549,4ui0.npy,7.06
6550,4ui1.npy,6.91
6551,4uu9.npy,10.85
6552,4uuz.npy,6.62
6553,4uwq.npy,5.52
6605,4uwx.npy,5.16
6606,4uyp.npy,10.7
6659,4v0m.npy,6.46
6660,4v0n.npy,6.46
6661,4v0o.npy,6.46
6662,4v2c.npy,4.74
6663,4v3k.npy,6.04
6664,4w4l.npy,8.89
6665,4w4o.npy,8.38
6666,4w6w.npy,8.45
6667,4w6x.npy,8.28
6668,4w6y.npy,8.8
6669,4wem.npy,5.17
6721,4wen.npy,7.0
6722,4weu.npy,5.24
6723,4wfd.npy,5.89
6724,4wnn.npy,6.1
6725,4wo4.npy,7.18
6726,4wuu.npy,7.88
6727,4wv1.npy,8.59
6728,4ww2.npy,5.41
6780,4wwi.npy,7.82
6781,4wwk.npy,5.4
6783,4x4m.npy,8.06
6784,4x7d.npy,8.46
6785,4x7e.npy,8.15
6786,4x7f.npy,7.55
6787,4x7s.npy,8.0
6788,4xhj.npy,9.71
6789,4xhu.npy,7.59
6790,4xi5.npy,9.31
6791,4xkh.npy,6.03
6792,4xkl.npy,4.41
6793,4xl1.npy,6.52
6794,4xl5.npy,8.85
6795,4xlw.npy,6.58
6796,4xnm.npy,8.1
6797,4xoi.npy,5.14
6798,4xr8.npy,4.66
6799,4xvp.npy,8.38
6800,4xwj.npy,8.35
6852,4xxb.npy,5.83
6853,4xxw.npy,5.29
6854,4y5o.npy,5.85
6855,4y61.npy,6.45
6856,4ybl.npy,9.77
6857,4yc7.npy,5.72
6858,4ydh.npy,5.59
6859,4yeb.npy,7.77
6860,4yh7.npy,6.82
6861,4yiq.npy,5.7
6862,4yiz.npy,8.1
6863,4yj4.npy,8.0
6864,4yk4.npy,6.44
6865,4yl8.npy,5.27
6866,4yn0.npy,7.07
6867,4yoc.npy,6.22
6868,4ypg.npy,10.36
6869,4ypi.npy,7.71
6870,4yvq.npy,5.69
6871,4ywc.npy,6.31
6872,4yyp.npy,6.55
6873,4z2m.npy,5.7
6874,4z5r.npy,10.74
6875,4z80.npy,7.92
6876,4z8l.npy,6.77
6877,4z9k.npy,8.66
6878,4z9v.npy,4.92
6879,4zak.npy,7.25
6880,4zff.npy,8.3
6881,4zfg.npy,8.3
6882,4zfo.npy,10.68
6883,4zgm.npy,9.42
6884,4zgq.npy,5.6
6885,4zgy.npy,6.15
6886,4zi2.npy,6.38
6887,4zi3.npy,6.38
6939,4zii.npy,7.18
6940,4zk9.npy,9.62
6941,4zkc.npy,9.66
6942,4zlt.npy,8.85
6943,4zpt.npy,8.0
6945,4zrj.npy,5.54
6946,4zrk.npy,6.0
6947,4zrp.npy,8.74
6948,4zs6.npy,6.51
6949,4zs7.npy,10.68
6950,4zv4.npy,7.64
6951,4zw2.npy,8.31
6952,5a3i.npy,7.44
6953,5a6w.npy,7.51
6954,5aam.npy,8.42
6955,5aaw.npy,8.36
7007,5abv.npy,9.28
7008,5agw.npy,7.99
7009,5agx.npy,7.3
7010,5ajj.npy,5.49
7011,5ajk.npy,5.58
7012,5aoq.npy,8.39
7013,5ayr.npy,8.71
7014,5ays.npy,9.29
7015,5b3h.npy,6.91
7016,5b64.npy,7.15
7017,5b71.npy,9.82
7018,5b75.npy,5.0
7019,5b76.npy,5.24
7071,5b77.npy,4.97
7072,5b78.npy,5.73
7073,5bk1.npy,8.96
7074,5bn5.npy,4.96
7126,5bnq.npy,9.81
7127,5bo1.npy,9.1
7128,5boz.npy,9.15
7129,5brm.npy,6.92
7130,5bt1.npy,6.08
7131,5bvp.npy,10.52
7132,5bw7.npy,7.28
7133,5bw8.npy,6.27
7134,5bxq.npy,6.82
7135,5c07.npy,5.13
7136,5c08.npy,5.11
7137,5c09.npy,3.4
7138,5c0a.npy,3.22
7139,5c0b.npy,6.3
7140,5c0c.npy,4.35
7141,5c0n.npy,5.38
7142,5c3f.npy,5.8
7143,5c4v.npy,5.96
7144,5c67.npy,10.05
7145,5c7x.npy,12.4
7146,5cd5.npy,6.54
7147,5cff.npy,5.97
7148,5chv.npy,5.83
7149,5cjs.npy,8.02
7150,5cmn.npy,6.66
7151,5ctr.npy,6.06
7152,5cw7.npy,12.55
7153,5cx3.npy,6.27
7154,5cxb.npy,8.04
7155,5cyk.npy,6.6
7156,5czf.npy,10.0
7157,5czv.npy,9.52
7158,5czx.npy,9.22
7159,5d1k.npy,6.74
7160,5d1l.npy,6.85
7212,5d1m.npy,7.21
7213,5d1q.npy,10.89
7214,5d1x.npy,10.68
7215,5d1z.npy,12.0
7216,5d28.npy,7.57
7217,5d2l.npy,5.29
7269,5d2n.npy,5.33
7321,5d3i.npy,9.22
7322,5d50.npy,5.59
7374,5d5m.npy,6.15
7375,5d70.npy,8.7
7376,5d71.npy,10.19
7377,5d72.npy,11.22
7378,5d7i.npy,4.09
7379,5d7j.npy,5.52
7380,5d7l.npy,4.98
7381,5d8j.npy,8.75
7433,5d93.npy,7.8
7434,5d96.npy,8.66
7435,5dc4.npy,7.46
7436,5dfv.npy,9.3
7437,5dfw.npy,9.3
7438,5dh9.npy,7.43
7439,5dha.npy,6.11
7440,5di9.npy,5.62
7441,5djt.npy,7.77
7442,5dju.npy,7.94
7443,5dmi.npy,9.04
7444,5dmj.npy,8.28
7445,5do2.npy,6.79
7446,5dob.npy,6.0
7447,5drz.npy,8.36
7448,5dwu.npy,7.31
7449,5e3e.npy,7.39
7450,5e4e.npy,10.08
7451,5e6j.npy,4.92
7452,5e6p.npy,5.7
7453,5e7f.npy,8.04
7454,5e8d.npy,8.19
7455,5e8e.npy,8.74
7456,5e94.npy,8.52
7457,5e95.npy,7.8
7458,5e9d.npy,6.89
7459,5eb1.npy,6.85
7460,5edv.npy,5.8
7461,5ee4.npy,5.21
7513,5ee5.npy,4.59
7514,5eg3.npy,6.87
7515,5eib.npy,5.32
7516,5eiv.npy,4.55
7517,5ejc.npy,6.71
7518,5elu.npy,6.38
7519,5eo9.npy,6.43
7520,5eoa.npy,7.0
7521,5eof.npy,5.42
7522,5ep6.npy,6.14
7524,5eu6.npy,5.2
7525,5eyp.npy,9.09
7526,5ezo.npy,9.0
7527,5f1b.npy,3.8
7579,5f3b.npy,11.52
7580,5f3x.npy,8.51
7582,5f5o.npy,6.79
7583,5f5s.npy,7.66
7584,5f6k.npy,6.89
7585,5fcu.npy,8.22
7586,5ffo.npy,8.09
7587,5fhx.npy,10.92
7588,5fo8.npy,6.46
7589,5fo9.npy,5.72
7590,5foa.npy,5.21
7591,5fob.npy,5.89
7592,5fqd.npy,6.66
7593,5fr1.npy,5.48
7594,5fr2.npy,6.85
7595,5ft8.npy,6.93
7596,5fv2.npy,11.14
7597,5fvk.npy,5.74
7649,5fzt.npy,4.32
7650,5g15.npy,6.77
7703,5ghw.npy,8.02
7704,5gim.npy,9.26
7756,5gjk.npy,6.92
7757,5gpg.npy,8.58
7758,5grj.npy,10.38
7810,5gtb.npy,4.34
7811,5gvi.npy,5.66
7812,5gwo.npy,7.52
7813,5gwp.npy,8.68
7814,5gy2.npy,9.69
7815,5gzn.npy,5.27
7816,5gzo.npy,6.79
7817,5h07.npy,5.55
7818,5h3j.npy,6.57
7819,5h7y.npy,6.9
7820,5h9b.npy,6.17
7821,5hdq.npy,8.92
7822,5hgg.npy,10.27
7823,5hhm.npy,3.7
7824,5hho.npy,3.7
7825,5hk5.npy,6.84
7826,5hlz.npy,8.3
7827,5hpk.npy,8.01
7828,5hps.npy,6.49
7829,5hpy.npy,6.89
7881,5hvf.npy,10.52
7882,5hvg.npy,9.2
7883,5hxb.npy,6.46
7884,5hyc.npy,4.82
7885,5hys.npy,10.41
7886,5i5k.npy,10.75
7887,5ibk.npy,7.15
7888,5ibl.npy,5.44
7889,5ibw.npy,9.6
7890,5ies.npy,6.43
7891,5ifs.npy,9.7
7892,5igx.npy,6.15
7893,5iia.npy,8.74
7945,5ij0.npy,5.1
7997,5ij9.npy,4.87
7998,5ikc.npy,7.57
7999,5imk.npy,6.07
8000,5imm.npy,8.46
8001,5imt.npy,6.44
8002,5imy.npy,6.11
8054,5inb.npy,6.91
8055,5ioh.npy,6.11
8107,5ip4.npy,6.35
8108,5itz.npy,7.12
8109,5ius.npy,9.9
8110,5ivx.npy,6.27
8111,5ixd.npy,7.15
8112,5j11.npy,7.54
8113,5j13.npy,10.22
8114,5j28.npy,6.71
8115,5j3d.npy,8.86
8116,5j3h.npy,8.6
8117,5j4a.npy,7.14
8118,5j56.npy,8.49
8170,5j57.npy,10.7
8171,5j7c.npy,9.68
8172,5j8h.npy,6.82
8173,5jdo.npy,8.52
8174,5jds.npy,8.52
8175,5jem.npy,5.22
8176,5jg6.npy,5.8
8177,5jh5.npy,5.55
8178,5jhf.npy,5.7
8179,5jhl.npy,8.57
8180,5jhw.npy,9.52
8181,5jjd.npy,5.04
8182,5jke.npy,7.04
8183,5jlv.npy,7.82
8184,5jmc.npy,7.07
8185,5jpm.npy,7.68
8186,5jq6.npy,9.1
8187,5jsb.npy,6.82
8188,5jsn.npy,6.1
8189,5jtm.npy,4.82
8190,5jtp.npy,4.4
8242,5jw7.npy,5.04
8243,5jyl.npy,8.06
8244,5jze.npy,5.13
8246,5k59.npy,11.6
8247,5kho.npy,6.05
8248,5kn5.npy,9.99
8249,5knm.npy,5.7
8250,5kof.npy,4.42
8251,5kov.npy,8.73
8252,5ks9.npy,5.55
8253,5ksa.npy,5.33
8254,5ksb.npy,5.7
8306,5kvd.npy,6.58
8307,5kve.npy,7.46
8308,5kvf.npy,7.49
8309,5kvg.npy,8.06
8310,5kw9.npy,7.69
8311,5kwy.npy,6.37
8312,5kxh.npy,6.31
8364,5ky0.npy,5.19
8416,5ky4.npy,5.0
8417,5ky5.npy,6.1
8469,5ky9.npy,5.23
8470,5l21.npy,8.43
8471,5l2k.npy,5.94
8472,5l6n.npy,8.52
8473,5l6y.npy,10.24
8475,5lcv.npy,6.08
8476,5lgk.npy,5.92
8477,5lhn.npy,7.95
8478,5lp5.npy,6.4
8479,5lpu.npy,5.11
8480,5lqb.npy,9.0
8481,5lrw.npy,5.03
8482,5lxm.npy,6.74
8483,5lxq.npy,6.19
8484,5m2i.npy,9.27
8536,5m2j.npy,9.89
8537,5m2m.npy,8.82
8538,5m36.npy,5.56
8539,5m5e.npy,10.15
8540,5m72.npy,7.48
8592,5ma3.npy,10.42
8644,5ma4.npy,10.28
8645,5ma5.npy,10.54
8697,5ma6.npy,9.52
8698,5mad.npy,8.96
8699,5mak.npy,10.54
8700,5me5.npy,5.67
8701,5men.npy,4.47
8702,5mfc.npy,7.74
8703,5mhs.npy,8.7
8704,5mi0.npy,6.39
8705,5mj3.npy,9.96
8706,5mjy.npy,4.95
8707,5mk0.npy,5.51
8709,5mn2.npy,5.59
8710,5mr4.npy,6.66
8711,5mr5.npy,7.1
8712,5mrv.npy,5.42
8713,5mtj.npy,6.47
8715,5mtn.npy,7.63
8716,5mu3.npy,7.37
8768,5mv8.npy,5.85
8769,5mv9.npy,6.0
8770,5my6.npy,8.4
8771,5mzv.npy,7.44
8823,5n47.npy,8.15
8824,5n48.npy,8.3
8825,5n4w.npy,8.0
8826,5n7w.npy,7.1
8827,5n88.npy,5.99
8828,5nan.npy,7.76
8829,5ngv.npy,10.8
8830,5nh3.npy,9.01
8831,5nhu.npy,9.0
8832,5nl1.npy,6.76
8833,5nmv.npy,9.0
8834,5npo.npy,6.02
8835,5nqf.npy,6.77
8836,5nqg.npy,7.3
8837,5nqw.npy,8.85
8838,5nt1.npy,4.79
8839,5nt7.npy,4.97
8840,5nus.npy,7.96
8892,5nvk.npy,9.4
8893,5nvl.npy,9.52
8894,5nvm.npy,7.85
8895,5nvn.npy,7.26
8897,5nx1.npy,8.28
8898,5nx3.npy,10.44
8899,5nzz.npy,5.77
8900,5o03.npy,7.22
8901,5o05.npy,9.09
8902,5o0w.npy,10.13
8903,5o2s.npy,8.41
8904,5o2t.npy,6.78
8909,5o90.npy,5.96
8910,5oaq.npy,7.24
8912,5ock.npy,5.64
8914,5oen.npy,8.0
8925,5oy9.npy,5.43
8926,5oyl.npy,5.12
8928,5swk.npy,5.59
8934,5szh.npy,5.28
8935,5szi.npy,6.6
8938,5t0f.npy,7.24
8945,5tar.npy,5.64
8960,5tuv.npy,6.1
8965,5tzp.npy,7.52
8968,5u4k.npy,4.82
8969,5u4m.npy,9.41
8972,5ua4.npy,7.59
8975,5uk5.npy,6.09
8982,5uul.npy,8.32
8984,5uwc.npy,7.75
8990,5uzu.npy,8.0
8993,5v5h.npy,6.8
8996,5v62.npy,7.6
8997,5v69.npy,7.44
9009,5vwy.npy,5.89
9015,5vz4.npy,8.1
9016,5vzm.npy,4.31
9023,5w89.npy,7.6
9028,5wgg.npy,6.15
9032,5wos.npy,6.45
9036,5wuj.npy,6.37
9042,5xbf.npy,5.77
9043,5xco.npy,8.05
9045,5xeq.npy,9.4
9051,5xjo.npy,5.89
9052,5xkj.npy,5.96
9054,5xln.npy,5.61
9058,5xod.npy,7.55
9063,5xv8.npy,7.15
9070,5y9j.npy,9.0
9073,5yi8.npy,5.74
9074,5yip.npy,8.43
9082,5ywr.npy,7.41
9083,5z2w.npy,6.17
9085,5z7g.npy,5.69
9086,5z7l.npy,5.92
9087,5zau.npy,7.22
9088,5zo2.npy,5.96
9089,5zqv.npy,6.59
9090,5zvm.npy,6.68
9093,6a3v.npy,7.07
9094,6a3w.npy,8.64
9096,6a6i.npy,4.44
9097,6a6x.npy,7.59
9098,6a78.npy,6.62
9099,6a79.npy,8.09
9100,6aaf.npy,6.79
9101,6akm.npy,5.16
9102,6amb.npy,4.75
9107,6ath.npy,9.48
9112,6azp.npy,7.45
9122,6b6u.npy,4.7
9123,6b8n.npy,6.68
9125,6ba6.npy,3.79
9135,6bmt.npy,6.51
9139,6bx8.npy,6.7
9145,6c83.npy,6.0
9155,6cug.npy,4.95
9207,6cwg.npy,9.99
9209,6cxf.npy,6.6
9210,6cxg.npy,8.72
9211,6czo.npy,7.05
9213,6d4p.npy,7.19
9214,6d68.npy,6.6
9215,6d7g.npy,5.54
9216,6dc3.npy,7.47
9217,6dc9.npy,7.82
9218,6dca.npy,7.07
9219,6dcn.npy,5.85
9223,6dfs.npy,4.67
9224,6dg5.npy,7.79
9225,6dgf.npy,8.02
9226,6dkj.npy,10.21
9227,6dld.npy,9.62
9230,6dsl.npy,9.3
9231,6dwf.npy,8.89
9283,6dwh.npy,9.7
9286,6e3j.npy,7.85
9287,6e4y.npy,5.42
9288,6e4z.npy,8.89
9296,6er6.npy,7.29
9297,6ere.npy,7.14
9298,6ewb.npy,7.23
9300,6eyo.npy,10.7
9301,6f0f.npy,6.74
9302,6f0g.npy,7.26
9303,6f2g.npy,8.41
9304,6f3z.npy,6.39
9306,6fbx.npy,6.46
9307,6fc2.npy,5.47
9308,6fc3.npy,7.7
9309,6fe4.npy,8.02
9311,6fg1.npy,9.05
9312,6fg2.npy,10.96
9314,6fgb.npy,10.23
9315,6fgo.npy,6.36
9316,6fhp.npy,7.32
9317,6flb.npy,9.0
9318,6flc.npy,6.75
9319,6fp7.npy,8.52
9320,6fpg.npy,6.99
9321,6fq0.npy,6.8
9373,6fto.npy,8.59
9374,6fu9.npy,8.33
9375,6fub.npy,7.54
9377,6fuz.npy,5.5
9378,6fv0.npy,5.76
9379,6g04.npy,6.15
9380,6g10.npy,8.23
9382,6gbh.npy,7.16
9383,6gbu.npy,6.61
9384,6gd5.npy,8.42
9385,6gfi.npy,9.31
9386,6gho.npy,6.1
9387,6gjq.npy,7.6
9388,6gtq.npy,6.44
9389,6gum.npy,5.92
9390,6gvk.npy,5.7
9391,6gvl.npy,4.36
9392,6gwc.npy,6.57
9393,6h06.npy,5.25
9394,6h0e.npy,6.62
9395,6h15.npy,7.89
9396,6h16.npy,7.5
9397,6h2y.npy,8.57
9449,6h3t.npy,8.27
9450,6h3u.npy,7.44
9451,6h46.npy,7.52
9452,6h47.npy,8.0
9453,6h6y.npy,9.79
9505,6h6z.npy,8.34
9506,6h71.npy,7.36
9507,6h9n.npy,6.1
9508,6har.npy,10.21
9509,6her.npy,7.4
9510,6hhc.npy,8.62
9511,6hpr.npy,6.08
9512,6ht9.npy,10.0
9513,6hul.npy,6.52
9514,6i07.npy,8.0
9515,6i2m.npy,8.27
9517,6ib8.npy,7.03
9518,6iea.npy,6.53
9519,6ieb.npy,7.73
9520,6iec.npy,6.13
9521,6ihb.npy,7.24
9522,6ii4.npy,7.78
9523,6ii8.npy,6.41
9524,6ii9.npy,7.71
9525,6im9.npy,7.6
9526,6imf.npy,7.62
9527,6in9.npy,5.92
9528,6ird.npy,6.68
9529,6ire.npy,7.97
9531,6isu.npy,6.8
9532,6ivu.npy,10.96
9533,6iwd.npy,7.74
9534,6j11.npy,7.6
9535,6j14.npy,8.81
9536,6j4o.npy,7.74
9537,6j4s.npy,6.8
9538,6j56.npy,6.17
9539,6j5d.npy,7.34
9540,6j5f.npy,6.41
9541,6j6y.npy,9.52
9593,6j7w.npy,9.52
9594,6j9h.npy,7.38
9595,6j9l.npy,5.67
9596,6j9m.npy,7.09
9597,6jb2.npy,6.53
9598,6jb8.npy,9.89
9599,6jbt.npy,9.49
9600,6jcs.npy,6.54
9601,6jep.npy,8.97
9602,6jhw.npy,7.74
9603,6jjp.npy,8.45
9604,6jjw.npy,8.09
9605,6jo8.npy,5.22
9606,6jwj.npy,7.07
9607,6k0y.npy,9.05
9608,6k4k.npy,8.19
9609,6k7o.npy,8.54
9610,6kbr.npy,11.05
9611,6km7.npy,5.28
9612,6m7l.npy,4.98
9613,6m9k.npy,4.92
9614,6mam.npy,12.0
9615,6mav.npy,10.47
9616,6mba.npy,7.77
9617,6mc9.npy,6.52
9618,6mft.npy,5.64
9619,6mgp.npy,6.17
9620,6mhr.npy,7.66
9621,6mi2.npy,7.16
9622,6mkz.npy,9.7
9623,6mlk.npy,7.89
9624,6mlm.npy,10.0
9625,6mm6.npy,4.13
9626,6mnq.npy,7.96
9627,6mnr.npy,8.92
9628,6moe.npy,8.72
9629,6msl.npy,8.85
9630,6mss.npy,4.84
9631,6msu.npy,8.04
9632,6mud.npy,5.99
9633,6mun.npy,6.0
9634,6mvl.npy,6.74
9635,6n6r.npy,5.42
9636,6n85.npy,6.62
9637,6n9d.npy,10.75
9638,6ndz.npy,9.7
9639,6ne1.npy,8.85
9640,6ne2.npy,8.89
9641,6ne4.npy,8.8
9642,6nha.npy,8.92
9643,6nmr.npy,9.74
9644,6nms.npy,9.34
9645,6nmt.npy,9.79
9646,6nmu.npy,9.37
9647,6nmv.npy,9.91
9648,6nr8.npy,6.8
9700,6nrw.npy,4.64
9701,6nuc.npy,7.68
9702,6nuf.npy,7.68
9703,6nzu.npy,5.48
9704,6o07.npy,7.77
9705,6o1f.npy,9.6
9706,6o39.npy,8.77
9757,6o3a.npy,8.28
9758,6o3b.npy,8.35
9759,6o3o.npy,5.74
9760,6o60.npy,7.16
9761,6o8b.npy,4.96
9762,6oan.npy,8.31
9763,6oao.npy,8.79
9764,6ob1.npy,5.77
9765,6obn.npy,7.52
9766,6oc3.npy,8.7
9767,6oel.npy,6.06
9768,6og4.npy,8.89
9769,6on9.npy,5.0
9770,6oor.npy,7.9
9771,6oqj.npy,8.05
9772,6oqk.npy,7.38
9773,6oqq.npy,7.55
9774,6oro.npy,4.92
9775,6orq.npy,7.52
9776,6osw.npy,5.7
9777,6otc.npy,8.31
9778,6ous.npy,10.66
9779,6ov2.npy,8.45
9780,6oy4.npy,7.46
9781,6p50.npy,9.0
9782,6p67.npy,8.06
9783,6p7s.npy,9.62
9784,6p7y.npy,9.25
9785,6pdx.npy,11.01
9786,6phb.npy,7.72
9787,6phc.npy,8.34
9788,6phd.npy,8.6
9789,6plk.npy,8.94
9790,6plm.npy,7.05
9791,6pnp.npy,6.52
9792,6pnq.npy,7.31
9793,6ppg.npy,11.11
9794,6pxh.npy,7.55
9795,6q0h.npy,5.74
9796,6q0o.npy,6.4
9797,6q18.npy,6.22
9798,6q69.npy,6.77
9799,6qb3.npy,5.62
9800,6qb6.npy,5.94
9801,6qj4.npy,6.2
9802,6qmp.npy,6.15
9803,6qmq.npy,6.43
9804,6qms.npy,5.97
9805,6r2g.npy,12.12
9806,6r2s.npy,10.7
9807,6r8x.npy,11.33
9808,6s29.npy,8.11
9809,6s53.npy,5.3
9810,6s8s.npy,6.39
9811,6sak.npy,7.51
9812,6saz.npy,9.85
9813,6thg.npy,8.4
9814,6tzc.npy,5.7
9815,6u2h.npy,9.48
9816,6u8c.npy,7.3
9817,6uda.npy,8.05
9818,6um5.npy,6.27
9819,6umt.npy,8.59
9820,6uvo.npy,9.24
9821,6uys.npy,5.8
9822,6uyu.npy,5.7
9823,7sq2.npy,6.7
0,1a22_100.npy,9.47
1,1a22_90.npy,9.47
2,1a22_91.npy,9.47
3,1a22_92.npy,9.47
4,1a22_93.npy,9.47
5,1a22_94.npy,9.47
6,1a22_95.npy,9.47
7,1a22_96.npy,9.47
8,1a22_97.npy,9.47
9,1a22_98.npy,9.47
10,1a22_99.npy,9.47
10,1avx_100.npy,13.22
51,1avx_90.npy,13.22
52,1avx_91.npy,13.22
53,1avx_92.npy,13.22
54,1avx_93.npy,13.22
55,1avx_94.npy,13.22
56,1avx_95.npy,13.22
57,1avx_96.npy,13.22
58,1avx_97.npy,13.22
59,1avx_98.npy,13.22
60,1avx_99.npy,13.22
81,1bql_100.npy,7.0
82,1bql_90.npy,7.0
83,1bql_91.npy,7.0
84,1bql_92.npy,7.0
85,1bql_93.npy,7.0
86,1bql_94.npy,7.0
87,1bql_95.npy,7.0
88,1bql_96.npy,7.0
89,1bql_97.npy,7.0
90,1bql_98.npy,7.0
91,1bql_99.npy,7.0
75,1bvn_100.npy,11.05
116,1bvn_90.npy,11.05
117,1bvn_91.npy,11.05
118,1bvn_92.npy,11.05
119,1bvn_93.npy,11.05
120,1bvn_94.npy,11.05
121,1bvn_95.npy,11.05
122,1bvn_96.npy,11.05
123,1bvn_97.npy,11.05
124,1bvn_98.npy,11.05
125,1bvn_99.npy,11.05
133,1d6r_100.npy,9.89
174,1d6r_90.npy,9.89
175,1d6r_91.npy,9.89
176,1d6r_92.npy,9.89
177,1d6r_93.npy,9.89
178,1d6r_94.npy,9.89
179,1d6r_95.npy,9.89
180,1d6r_96.npy,9.89
181,1d6r_97.npy,9.89
182,1d6r_98.npy,9.89
183,1d6r_99.npy,9.89
187,1dhk_100.npy,10.46
228,1dhk_90.npy,10.46
229,1dhk_91.npy,10.46
230,1dhk_92.npy,10.46
231,1dhk_93.npy,10.46
232,1dhk_94.npy,10.46
233,1dhk_95.npy,10.46
234,1dhk_96.npy,10.46
235,1dhk_97.npy,10.46
236,1dhk_98.npy,10.46
237,1dhk_99.npy,10.46
250,1e96_100.npy,5.57
291,1e96_90.npy,5.57
292,1e96_91.npy,5.57
293,1e96_92.npy,5.57
294,1e96_93.npy,5.57
295,1e96_94.npy,5.57
296,1e96_95.npy,5.57
297,1e96_96.npy,5.57
298,1e96_97.npy,5.57
299,1e96_98.npy,5.57
300,1e96_99.npy,5.57
307,1emv_100.npy,13.62
348,1emv_90.npy,13.62
349,1emv_91.npy,13.62
350,1emv_92.npy,13.62
351,1emv_93.npy,13.62
352,1emv_94.npy,13.62
353,1emv_95.npy,13.62
354,1emv_96.npy,13.62
355,1emv_97.npy,13.62
356,1emv_98.npy,13.62
357,1emv_99.npy,13.62
363,1f3v_100.npy,5.11
404,1f3v_90.npy,5.11
405,1f3v_91.npy,5.11
406,1f3v_92.npy,5.11
407,1f3v_93.npy,5.11
408,1f3v_94.npy,5.11
409,1f3v_95.npy,5.11
410,1f3v_96.npy,5.11
411,1f3v_97.npy,5.11
412,1f3v_98.npy,5.11
413,1f3v_99.npy,5.11
415,1f5r_100.npy,4.19
456,1f5r_90.npy,4.19
457,1f5r_91.npy,4.19
458,1f5r_92.npy,4.19
459,1f5r_93.npy,4.19
460,1f5r_94.npy,4.19
461,1f5r_95.npy,4.19
462,1f5r_96.npy,4.19
463,1f5r_97.npy,4.19
464,1f5r_98.npy,4.19
465,1f5r_99.npy,4.19
467,1f7z_100.npy,4.91
508,1f7z_90.npy,4.91
509,1f7z_91.npy,4.91
510,1f7z_92.npy,4.91
511,1f7z_93.npy,4.91
512,1f7z_94.npy,4.91
513,1f7z_95.npy,4.91
514,1f7z_96.npy,4.91
515,1f7z_97.npy,4.91
516,1f7z_98.npy,4.91
517,1f7z_99.npy,4.91
529,1fy8_100.npy,5.05
570,1fy8_90.npy,5.05
571,1fy8_91.npy,5.05
572,1fy8_92.npy,5.05
573,1fy8_93.npy,5.05
574,1fy8_94.npy,5.05
575,1fy8_95.npy,5.05
576,1fy8_96.npy,5.05
577,1fy8_97.npy,5.05
578,1fy8_98.npy,5.05
579,1fy8_99.npy,5.05
620,1j7d_100.npy,5.7
661,1j7d_90.npy,5.7
662,1j7d_91.npy,5.7
663,1j7d_92.npy,5.7
664,1j7d_93.npy,5.7
665,1j7d_94.npy,5.7
666,1j7d_95.npy,5.7
667,1j7d_96.npy,5.7
668,1j7d_97.npy,5.7
669,1j7d_98.npy,5.7
670,1j7d_99.npy,5.7
672,1j7v_100.npy,10.46
713,1j7v_90.npy,10.46
714,1j7v_91.npy,10.46
715,1j7v_92.npy,10.46
716,1j7v_93.npy,10.46
717,1j7v_94.npy,10.46
718,1j7v_95.npy,10.46
719,1j7v_96.npy,10.46
720,1j7v_97.npy,10.46
721,1j7v_98.npy,10.46
722,1j7v_99.npy,10.46
757,1lp1_100.npy,5.7
798,1lp1_90.npy,5.7
799,1lp1_91.npy,5.7
800,1lp1_92.npy,5.7
801,1lp1_93.npy,5.7
802,1lp1_94.npy,5.7
803,1lp1_95.npy,5.7
804,1lp1_96.npy,5.7
805,1lp1_97.npy,5.7
806,1lp1_98.npy,5.7
807,1lp1_99.npy,5.7
817,1mcv_100.npy,7.01
858,1mcv_90.npy,7.01
859,1mcv_91.npy,7.01
860,1mcv_92.npy,7.01
861,1mcv_93.npy,7.01
862,1mcv_94.npy,7.01
863,1mcv_95.npy,7.01
864,1mcv_96.npy,7.01
865,1mcv_97.npy,7.01
866,1mcv_98.npy,7.01
867,1mcv_99.npy,7.01
874,1mzw_100.npy,5.71
915,1mzw_90.npy,5.71
916,1mzw_91.npy,5.71
917,1mzw_92.npy,5.71
918,1mzw_93.npy,5.71
919,1mzw_94.npy,5.71
920,1mzw_95.npy,5.71
921,1mzw_96.npy,5.71
922,1mzw_97.npy,5.71
923,1mzw_98.npy,5.71
924,1mzw_99.npy,5.71
945,1op9_100.npy,9.15
986,1op9_90.npy,9.15
987,1op9_91.npy,9.15
988,1op9_92.npy,9.15
989,1op9_93.npy,9.15
990,1op9_94.npy,9.15
991,1op9_95.npy,9.15
992,1op9_96.npy,9.15
993,1op9_97.npy,9.15
994,1op9_98.npy,9.15
995,1op9_99.npy,9.15
997,1oph_100.npy,8.3
1038,1oph_90.npy,8.3
1039,1oph_91.npy,8.3
1040,1oph_92.npy,8.3
1041,1oph_93.npy,8.3
1042,1oph_94.npy,8.3
1043,1oph_95.npy,8.3
1044,1oph_96.npy,8.3
1045,1oph_97.npy,8.3
1046,1oph_98.npy,8.3
1047,1oph_99.npy,8.3
1067,1ppe_100.npy,11.52
1108,1ppe_90.npy,11.52
1109,1ppe_91.npy,11.52
1110,1ppe_92.npy,11.52
1111,1ppe_93.npy,11.52
1112,1ppe_94.npy,11.52
1113,1ppe_95.npy,11.52
1114,1ppe_96.npy,11.52
1115,1ppe_97.npy,11.52
1116,1ppe_98.npy,11.52
1117,1ppe_99.npy,11.52
1131,1r0r_100.npy,10.53
1172,1r0r_90.npy,10.53
1173,1r0r_91.npy,10.53
1174,1r0r_92.npy,10.53
1175,1r0r_93.npy,10.53
1176,1r0r_94.npy,10.53
1177,1r0r_95.npy,10.53
1178,1r0r_96.npy,10.53
1179,1r0r_97.npy,10.53
1180,1r0r_98.npy,10.53
1181,1r0r_99.npy,10.53
1184,1ri8_100.npy,8.54
1225,1ri8_90.npy,8.54
1226,1ri8_91.npy,8.54
1227,1ri8_92.npy,8.54
1228,1ri8_93.npy,8.54
1229,1ri8_94.npy,8.54
1230,1ri8_95.npy,8.54
1231,1ri8_96.npy,8.54
1232,1ri8_97.npy,8.54
1233,1ri8_98.npy,8.54
1234,1ri8_99.npy,8.54
1236,1rjc_100.npy,10.11
1277,1rjc_90.npy,10.11
1278,1rjc_91.npy,10.11
1279,1rjc_92.npy,10.11
1280,1rjc_93.npy,10.11
1281,1rjc_94.npy,10.11
1282,1rjc_95.npy,10.11
1283,1rjc_96.npy,10.11
1284,1rjc_97.npy,10.11
1285,1rjc_98.npy,10.11
1286,1rjc_99.npy,10.11
1306,1t0p_100.npy,4.6
1347,1t0p_90.npy,4.6
1348,1t0p_91.npy,4.6
1349,1t0p_92.npy,4.6
1350,1t0p_93.npy,4.6
1351,1t0p_94.npy,4.6
1352,1t0p_95.npy,4.6
1353,1t0p_96.npy,4.6
1354,1t0p_97.npy,4.6
1355,1t0p_98.npy,4.6
1356,1t0p_99.npy,4.6
1358,1t5z_100.npy,4.48
1399,1t5z_90.npy,4.48
1400,1t5z_91.npy,4.48
1401,1t5z_92.npy,4.48
1402,1t5z_93.npy,4.48
1403,1t5z_94.npy,4.48
1404,1t5z_95.npy,4.48
1405,1t5z_96.npy,4.48
1406,1t5z_97.npy,4.48
1407,1t5z_98.npy,4.48
1408,1t5z_99.npy,4.48
1470,1tlh_100.npy,3.52
1511,1tlh_90.npy,3.52
1512,1tlh_91.npy,3.52
1513,1tlh_92.npy,3.52
1514,1tlh_93.npy,3.52
1515,1tlh_94.npy,3.52
1516,1tlh_95.npy,3.52
1517,1tlh_96.npy,3.52
1518,1tlh_97.npy,3.52
1519,1tlh_98.npy,3.52
1520,1tlh_99.npy,3.52
1522,1tm1_100.npy,11.52
1563,1tm1_90.npy,11.52
1564,1tm1_91.npy,11.52
1565,1tm1_92.npy,11.52
1566,1tm1_93.npy,11.52
1567,1tm1_94.npy,11.52
1568,1tm1_95.npy,11.52
1569,1tm1_96.npy,11.52
1570,1tm1_97.npy,11.52
1571,1tm1_98.npy,11.52
1572,1tm1_99.npy,11.52
1574,1tm3_100.npy,10.72
1615,1tm3_90.npy,10.72
1616,1tm3_91.npy,10.72
1617,1tm3_92.npy,10.72
1618,1tm3_93.npy,10.72
1619,1tm3_94.npy,10.72
1620,1tm3_95.npy,10.72
1621,1tm3_96.npy,10.72
1622,1tm3_97.npy,10.72
1623,1tm3_98.npy,10.72
1624,1tm3_99.npy,10.72
1678,1tm5_100.npy,10.77
1719,1tm5_90.npy,10.77
1720,1tm5_91.npy,10.77
1721,1tm5_92.npy,10.77
1722,1tm5_93.npy,10.77
1723,1tm5_94.npy,10.77
1724,1tm5_95.npy,10.77
1725,1tm5_96.npy,10.77
1726,1tm5_97.npy,10.77
1727,1tm5_98.npy,10.77
1728,1tm5_99.npy,10.77
1730,1tm7_100.npy,11.48
1771,1tm7_90.npy,11.48
1772,1tm7_91.npy,11.48
1773,1tm7_92.npy,11.48
1774,1tm7_93.npy,11.48
1775,1tm7_94.npy,11.48
1776,1tm7_95.npy,11.48
1777,1tm7_96.npy,11.48
1778,1tm7_97.npy,11.48
1779,1tm7_98.npy,11.48
1780,1tm7_99.npy,11.48
1782,1to1_100.npy,9.34
1823,1to1_90.npy,9.34
1824,1to1_91.npy,9.34
1825,1to1_92.npy,9.34
1826,1to1_93.npy,9.34
1827,1to1_94.npy,9.34
1828,1to1_95.npy,9.34
1829,1to1_96.npy,9.34
1830,1to1_97.npy,9.34
1831,1to1_98.npy,9.34
1832,1to1_99.npy,9.34
1859,1tzh_100.npy,8.74
1860,1tzh_90.npy,8.74
1861,1tzh_91.npy,8.74
1862,1tzh_92.npy,8.74
1863,1tzh_93.npy,8.74
1864,1tzh_94.npy,8.74
1865,1tzh_95.npy,8.74
1866,1tzh_96.npy,8.74
1867,1tzh_97.npy,8.74
1868,1tzh_98.npy,8.74
1869,1tzh_99.npy,8.74
1847,1ugh_100.npy,10.92
1888,1ugh_90.npy,10.92
1889,1ugh_91.npy,10.92
1890,1ugh_92.npy,10.92
1891,1ugh_93.npy,10.92
1892,1ugh_94.npy,10.92
1893,1ugh_95.npy,10.92
1894,1ugh_96.npy,10.92
1895,1ugh_97.npy,10.92
1896,1ugh_98.npy,10.92
1897,1ugh_99.npy,10.92
1900,1us7_100.npy,5.47
1941,1us7_90.npy,5.47
1942,1us7_91.npy,5.47
1943,1us7_92.npy,5.47
1944,1us7_93.npy,5.47
1945,1us7_94.npy,5.47
1946,1us7_95.npy,5.47
1947,1us7_96.npy,5.47
1948,1us7_97.npy,5.47
1949,1us7_98.npy,5.47
1950,1us7_99.npy,5.47
1952,1usu_100.npy,5.48
1993,1usu_90.npy,5.48
1994,1usu_91.npy,5.48
1995,1usu_92.npy,5.48
1996,1usu_93.npy,5.48
1997,1usu_94.npy,5.48
1998,1usu_95.npy,5.48
1999,1usu_96.npy,5.48
2000,1usu_97.npy,5.48
2001,1usu_98.npy,5.48
2002,1usu_99.npy,5.48
2059,1y76_100.npy,5.3
2060,1y76_50.npy,5.3
2061,1y76_51.npy,5.3
2062,1y76_52.npy,5.3
2063,1y76_53.npy,5.3
2064,1y76_54.npy,5.3
2065,1y76_55.npy,5.3
2066,1y76_56.npy,5.3
2118,1za3_100.npy,7.47
2119,1za3_90.npy,7.47
2120,1za3_91.npy,7.47
2121,1za3_92.npy,7.47
2122,1za3_93.npy,7.47
2123,1za3_94.npy,7.47
2124,1za3_95.npy,7.47
2125,1za3_96.npy,7.47
2126,1za3_97.npy,7.47
2127,1za3_98.npy,7.47
2128,1za3_99.npy,7.47
2183,2bdn_100.npy,11.34
2184,2bdn_90.npy,11.34
2185,2bdn_91.npy,11.34
2186,2bdn_92.npy,11.34
2187,2bdn_93.npy,11.34
2188,2bdn_94.npy,11.34
2189,2bdn_95.npy,11.34
2190,2bdn_96.npy,11.34
2191,2bdn_97.npy,11.34
2192,2bdn_98.npy,11.34
2193,2bdn_99.npy,11.34
2304,2j5l_100.npy,7.11
2305,2j5l_90.npy,7.11
2306,2j5l_91.npy,7.11
2307,2j5l_92.npy,7.11
2308,2j5l_93.npy,7.11
2309,2j5l_94.npy,7.11
2310,2j5l_95.npy,7.11
2311,2j5l_96.npy,7.11
2312,2j5l_97.npy,7.11
2313,2j5l_98.npy,7.11
2314,2j5l_99.npy,7.11
2352,2p42_91.npy,7.64
2353,2p42_92.npy,7.64
2354,2p42_93.npy,7.64
2355,2p42_94.npy,7.64
2356,2p42_95.npy,7.64
2357,2p42_96.npy,7.64
2358,2p42_97.npy,7.64
2359,2p42_98.npy,7.64
2360,2p42_99.npy,7.64
2393,2qja_100.npy,8.96
2434,2qja_90.npy,8.96
2435,2qja_91.npy,8.96
2436,2qja_92.npy,8.96
2437,2qja_93.npy,8.96
2438,2qja_94.npy,8.96
2439,2qja_95.npy,8.96
2440,2qja_96.npy,8.96
2441,2qja_97.npy,8.96
2442,2qja_98.npy,8.96
2443,2qja_99.npy,8.96
2452,2r9p_100.npy,4.85
2493,2r9p_90.npy,4.85
2494,2r9p_91.npy,4.85
2495,2r9p_92.npy,4.85
2496,2r9p_93.npy,4.85
2497,2r9p_94.npy,4.85
2498,2r9p_95.npy,4.85
2499,2r9p_96.npy,4.85
2500,2r9p_97.npy,4.85
2501,2r9p_98.npy,4.85
2502,2r9p_99.npy,4.85
2534,2vis_100.npy,5.4
2575,2vis_90.npy,5.4
2576,2vis_91.npy,5.4
2577,2vis_92.npy,5.4
2578,2vis_93.npy,5.4
2579,2vis_94.npy,5.4
2580,2vis_95.npy,5.4
2581,2vis_96.npy,5.4
2582,2vis_97.npy,5.4
2583,2vis_98.npy,5.4
2584,2vis_99.npy,5.4
2588,2vlo_100.npy,12.05
2629,2vlo_90.npy,12.05
2630,2vlo_91.npy,12.05
2631,2vlo_92.npy,12.05
2632,2vlo_93.npy,12.05
2633,2vlo_94.npy,12.05
2634,2vlo_95.npy,12.05
2635,2vlo_96.npy,12.05
2636,2vlo_97.npy,12.05
2637,2vlo_98.npy,12.05
2638,2vlo_99.npy,12.05
2663,2wbj_100.npy,3.25
2704,2wbj_90.npy,3.25
2705,2wbj_91.npy,3.25
2706,2wbj_92.npy,3.25
2707,2wbj_93.npy,3.25
2708,2wbj_94.npy,3.25
2709,2wbj_95.npy,3.25
2710,2wbj_96.npy,3.25
2711,2wbj_97.npy,3.25
2712,2wbj_98.npy,3.25
2713,2wbj_99.npy,3.25
2749,2xpx_100.npy,6.82
2790,2xpx_90.npy,6.82
2791,2xpx_91.npy,6.82
2792,2xpx_92.npy,6.82
2793,2xpx_93.npy,6.82
2794,2xpx_94.npy,6.82
2795,2xpx_95.npy,6.82
2796,2xpx_96.npy,6.82
2797,2xpx_97.npy,6.82
2798,2xpx_98.npy,6.82
2799,2xpx_99.npy,6.82
2840,3alz_100.npy,6.28
2881,3alz_90.npy,6.28
2882,3alz_91.npy,6.28
2883,3alz_92.npy,6.28
2884,3alz_93.npy,6.28
2885,3alz_94.npy,6.28
2886,3alz_95.npy,6.28
2887,3alz_96.npy,6.28
2888,3alz_97.npy,6.28
2889,3alz_98.npy,6.28
2890,3alz_99.npy,6.28
2894,3ay4_100.npy,7.22
2935,3ay4_90.npy,7.22
2936,3ay4_91.npy,7.22
2937,3ay4_92.npy,7.22
2938,3ay4_93.npy,7.22
2939,3ay4_94.npy,7.22
2940,3ay4_95.npy,7.22
2941,3ay4_96.npy,7.22
2942,3ay4_97.npy,7.22
2943,3ay4_98.npy,7.22
2944,3ay4_99.npy,7.22
2950,3b4v_100.npy,10.52
2991,3b4v_90.npy,10.52
2992,3b4v_91.npy,10.52
2993,3b4v_92.npy,10.52
2994,3b4v_93.npy,10.52
2995,3b4v_94.npy,10.52
2996,3b4v_95.npy,10.52
2997,3b4v_96.npy,10.52
2998,3b4v_97.npy,10.52
2999,3b4v_98.npy,10.52
3000,3b4v_99.npy,10.52
3090,3cx8_100.npy,6.47
3131,3cx8_90.npy,6.47
3132,3cx8_91.npy,6.47
3133,3cx8_92.npy,6.47
3134,3cx8_93.npy,6.47
3135,3cx8_94.npy,6.47
3136,3cx8_95.npy,6.47
3137,3cx8_96.npy,6.47
3138,3cx8_97.npy,6.47
3139,3cx8_98.npy,6.47
3140,3cx8_99.npy,6.47
3173,3eab_100.npy,4.92
3214,3eab_90.npy,4.92
3215,3eab_91.npy,4.92
3216,3eab_92.npy,4.92
3217,3eab_93.npy,4.92
3218,3eab_94.npy,4.92
3219,3eab_95.npy,4.92
3220,3eab_96.npy,4.92
3221,3eab_97.npy,4.92
3222,3eab_98.npy,4.92
3223,3eab_99.npy,4.92
3225,3eba_100.npy,8.63
3266,3eba_90.npy,8.63
3267,3eba_91.npy,8.63
3268,3eba_92.npy,8.63
3269,3eba_93.npy,8.63
3270,3eba_94.npy,8.63
3271,3eba_95.npy,8.63
3272,3eba_96.npy,8.63
3273,3eba_97.npy,8.63
3274,3eba_98.npy,8.63
3275,3eba_99.npy,8.63
3292,3f7p_100.npy,4.31
3333,3f7p_90.npy,4.31
3334,3f7p_91.npy,4.31
3335,3f7p_92.npy,4.31
3336,3f7p_93.npy,4.31
3337,3f7p_94.npy,4.31
3338,3f7p_95.npy,4.31
3339,3f7p_96.npy,4.31
3340,3f7p_97.npy,4.31
3341,3f7p_98.npy,4.31
3342,3f7p_99.npy,4.31
3361,3g7z_100.npy,10.7
3402,3g7z_90.npy,10.7
3403,3g7z_91.npy,10.7
3404,3g7z_92.npy,10.7
3405,3g7z_93.npy,10.7
3406,3g7z_94.npy,10.7
3407,3g7z_95.npy,10.7
3408,3g7z_96.npy,10.7
3409,3g7z_97.npy,10.7
3410,3g7z_98.npy,10.7
3411,3g7z_99.npy,10.7
3442,3hae_100.npy,7.34
3483,3hae_90.npy,7.34
3484,3hae_91.npy,7.34
3485,3hae_92.npy,7.34
3486,3hae_93.npy,7.34
3487,3hae_94.npy,7.34
3488,3hae_95.npy,7.34
3489,3hae_96.npy,7.34
3490,3hae_97.npy,7.34
3491,3hae_98.npy,7.34
3492,3hae_99.npy,7.34
3577,3mhp_100.npy,5.56
3618,3mhp_90.npy,5.56
3619,3mhp_91.npy,5.56
3620,3mhp_92.npy,5.56
3621,3mhp_93.npy,5.56
3622,3mhp_94.npy,5.56
3623,3mhp_95.npy,5.56
3624,3mhp_96.npy,5.56
3625,3mhp_97.npy,5.56
3626,3mhp_98.npy,5.56
3627,3mhp_99.npy,5.56
3632,3mv7_100.npy,5.66
3673,3mv7_90.npy,5.66
3674,3mv7_91.npy,5.66
3675,3mv7_92.npy,5.66
3676,3mv7_93.npy,5.66
3677,3mv7_94.npy,5.66
3678,3mv7_95.npy,5.66
3679,3mv7_96.npy,5.66
3680,3mv7_97.npy,5.66
3681,3mv7_98.npy,5.66
3682,3mv7_99.npy,5.66
3684,3mv8_100.npy,4.46
3725,3mv8_90.npy,4.46
3726,3mv8_91.npy,4.46
3727,3mv8_92.npy,4.46
3728,3mv8_93.npy,4.46
3729,3mv8_94.npy,4.46
3730,3mv8_95.npy,4.46
3731,3mv8_96.npy,4.46
3732,3mv8_97.npy,4.46
3733,3mv8_98.npy,4.46
3734,3mv8_99.npy,4.46
3748,3nh7_100.npy,7.7
3789,3nh7_90.npy,7.7
3790,3nh7_91.npy,7.7
3791,3nh7_92.npy,7.7
3792,3nh7_93.npy,7.7
3793,3nh7_94.npy,7.7
3794,3nh7_95.npy,7.7
3795,3nh7_96.npy,7.7
3796,3nh7_97.npy,7.7
3797,3nh7_98.npy,7.7
3798,3nh7_99.npy,7.7
3831,3owt_100.npy,5.6
3872,3owt_90.npy,5.6
3873,3owt_91.npy,5.6
3874,3owt_92.npy,5.6
3875,3owt_93.npy,5.6
3876,3owt_94.npy,5.6
3877,3owt_95.npy,5.6
3878,3owt_96.npy,5.6
3879,3owt_97.npy,5.6
3880,3owt_98.npy,5.6
3881,3owt_99.npy,5.6
3891,3p9w_100.npy,7.8
3932,3p9w_90.npy,7.8
3933,3p9w_91.npy,7.8
3934,3p9w_92.npy,7.8
3935,3p9w_93.npy,7.8
3936,3p9w_94.npy,7.8
3937,3p9w_95.npy,7.8
3938,3p9w_96.npy,7.8
3939,3p9w_97.npy,7.8
3940,3p9w_98.npy,7.8
3941,3p9w_99.npy,7.8
3970,3qq8_100.npy,5.82
4011,3qq8_90.npy,5.82
4012,3qq8_91.npy,5.82
4013,3qq8_92.npy,5.82
4014,3qq8_93.npy,5.82
4015,3qq8_94.npy,5.82
4016,3qq8_95.npy,5.82
4017,3qq8_96.npy,5.82
4018,3qq8_97.npy,5.82
4019,3qq8_98.npy,5.82
4020,3qq8_99.npy,5.82
4037,3rbb_100.npy,7.91
4078,3rbb_90.npy,7.91
4079,3rbb_91.npy,7.91
4080,3rbb_92.npy,7.91
4081,3rbb_93.npy,7.91
4082,3rbb_94.npy,7.91
4083,3rbb_95.npy,7.91
4084,3rbb_96.npy,7.91
4085,3rbb_97.npy,7.91
4086,3rbb_98.npy,7.91
4087,3rbb_99.npy,7.91
4100,3ru8_100.npy,7.47
4141,3ru8_90.npy,7.47
4142,3ru8_91.npy,7.47
4143,3ru8_92.npy,7.47
4144,3ru8_93.npy,7.47
4145,3ru8_94.npy,7.47
4146,3ru8_95.npy,7.47
4147,3ru8_96.npy,7.47
4148,3ru8_97.npy,7.47
4149,3ru8_98.npy,7.47
4150,3ru8_99.npy,7.47
4169,3sjh_100.npy,5.47
4210,3sjh_90.npy,5.47
4211,3sjh_91.npy,5.47
4212,3sjh_92.npy,5.47
4213,3sjh_93.npy,5.47
4214,3sjh_94.npy,5.47
4215,3sjh_95.npy,5.47
4216,3sjh_96.npy,5.47
4217,3sjh_97.npy,5.47
4218,3sjh_98.npy,5.47
4219,3sjh_99.npy,5.47
4221,3sjv_100.npy,4.51
4262,3sjv_90.npy,4.51
4263,3sjv_91.npy,4.51
4264,3sjv_92.npy,4.51
4265,3sjv_93.npy,4.51
4266,3sjv_94.npy,4.51
4267,3sjv_95.npy,4.51
4268,3sjv_96.npy,4.51
4269,3sjv_97.npy,4.51
4270,3sjv_98.npy,4.51
4271,3sjv_99.npy,4.51
4290,3tgk_100.npy,4.92
4331,3tgk_90.npy,4.92
4332,3tgk_91.npy,4.92
4333,3tgk_92.npy,4.92
4334,3tgk_93.npy,4.92
4335,3tgk_94.npy,4.92
4336,3tgk_95.npy,4.92
4337,3tgk_96.npy,4.92
4338,3tgk_97.npy,4.92
4339,3tgk_98.npy,4.92
4340,3tgk_99.npy,4.92
4345,3tkl_100.npy,6.37
4386,3tkl_90.npy,6.37
4387,3tkl_91.npy,6.37
4388,3tkl_92.npy,6.37
4389,3tkl_93.npy,6.37
4390,3tkl_94.npy,6.37
4391,3tkl_95.npy,6.37
4392,3tkl_96.npy,6.37
4393,3tkl_97.npy,6.37
4394,3tkl_98.npy,6.37
4395,3tkl_99.npy,6.37
4423,3uyo_100.npy,5.17
4464,3uyo_90.npy,5.17
4465,3uyo_91.npy,5.17
4466,3uyo_92.npy,5.17
4467,3uyo_93.npy,5.17
4468,3uyo_94.npy,5.17
4469,3uyo_95.npy,5.17
4470,3uyo_96.npy,5.17
4471,3uyo_97.npy,5.17
4472,3uyo_98.npy,5.17
4473,3uyo_99.npy,5.17
4504,3vux_100.npy,5.05
4545,3vux_90.npy,5.05
4546,3vux_91.npy,5.05
4547,3vux_92.npy,5.05
4548,3vux_93.npy,5.05
4549,3vux_94.npy,5.05
4550,3vux_95.npy,5.05
4551,3vux_96.npy,5.05
4552,3vux_97.npy,5.05
4553,3vux_98.npy,5.05
4554,3vux_99.npy,5.05
4618,3w8i_100.npy,8.67
4659,3w8i_90.npy,8.67
4660,3w8i_91.npy,8.67
4661,3w8i_92.npy,8.67
4662,3w8i_93.npy,8.67
4663,3w8i_94.npy,8.67
4664,3w8i_95.npy,8.67
4665,3w8i_96.npy,8.67
4666,3w8i_97.npy,8.67
4667,3w8i_98.npy,8.67
4668,3w8i_99.npy,8.67
4682,3wqb_100.npy,8.74
4723,3wqb_90.npy,8.74
4724,3wqb_91.npy,8.74
4725,3wqb_92.npy,8.74
4726,3wqb_93.npy,8.74
4727,3wqb_94.npy,8.74
4728,3wqb_95.npy,8.74
4729,3wqb_96.npy,8.74
4730,3wqb_97.npy,8.74
4731,3wqb_98.npy,8.74
4732,3wqb_99.npy,8.74
4737,3wwn_100.npy,5.18
4778,3wwn_90.npy,5.18
4779,3wwn_91.npy,5.18
4780,3wwn_92.npy,5.18
4781,3wwn_93.npy,5.18
4782,3wwn_94.npy,5.18
4783,3wwn_95.npy,5.18
4784,3wwn_96.npy,5.18
4785,3wwn_97.npy,5.18
4786,3wwn_98.npy,5.18
4787,3wwn_99.npy,5.18
4808,4a49_100.npy,4.38
4849,4a49_90.npy,4.38
4850,4a49_91.npy,4.38
4851,4a49_92.npy,4.38
4852,4a49_93.npy,4.38
4853,4a49_94.npy,4.38
4854,4a49_95.npy,4.38
4855,4a49_96.npy,4.38
4856,4a49_97.npy,4.38
4857,4a49_98.npy,4.38
4858,4a49_99.npy,4.38
4886,4b93_100.npy,5.64
4927,4b93_90.npy,5.64
4928,4b93_91.npy,5.64
4929,4b93_92.npy,5.64
4930,4b93_93.npy,5.64
4931,4b93_94.npy,5.64
4932,4b93_95.npy,5.64
4933,4b93_96.npy,5.64
4934,4b93_97.npy,5.64
4935,4b93_98.npy,5.64
4936,4b93_99.npy,5.64
4953,4c2b_100.npy,8.05
4994,4c2b_90.npy,8.05
4995,4c2b_91.npy,8.05
4996,4c2b_92.npy,8.05
4997,4c2b_93.npy,8.05
4998,4c2b_94.npy,8.05
4999,4c2b_95.npy,8.05
5000,4c2b_96.npy,8.05
5001,4c2b_97.npy,8.05
5002,4c2b_98.npy,8.05
5003,4c2b_99.npy,8.05
5008,4c7n_100.npy,9.0
5049,4c7n_90.npy,9.0
5050,4c7n_91.npy,9.0
5051,4c7n_92.npy,9.0
5052,4c7n_93.npy,9.0
5053,4c7n_94.npy,9.0
5054,4c7n_95.npy,9.0
5055,4c7n_96.npy,9.0
5056,4c7n_97.npy,9.0
5057,4c7n_98.npy,9.0
5058,4c7n_99.npy,9.0
5086,4did_100.npy,5.22
5127,4did_90.npy,5.22
5128,4did_91.npy,5.22
5129,4did_92.npy,5.22
5130,4did_93.npy,5.22
5131,4did_94.npy,5.22
5132,4did_95.npy,5.22
5133,4did_96.npy,5.22
5134,4did_97.npy,5.22
5135,4did_98.npy,5.22
5136,4did_99.npy,5.22
5150,4ds8_100.npy,5.11
5191,4ds8_90.npy,5.11
5192,4ds8_91.npy,5.11
5193,4ds8_92.npy,5.11
5194,4ds8_93.npy,5.11
5195,4ds8_94.npy,5.11
5196,4ds8_95.npy,5.11
5197,4ds8_96.npy,5.11
5198,4ds8_97.npy,5.11
5199,4ds8_98.npy,5.11
5200,4ds8_99.npy,5.11
5205,4dx8_100.npy,5.91
5246,4dx8_90.npy,5.91
5247,4dx8_91.npy,5.91
5248,4dx8_92.npy,5.91
5249,4dx8_93.npy,5.91
5250,4dx8_94.npy,5.91
5251,4dx8_95.npy,5.91
5252,4dx8_96.npy,5.91
5253,4dx8_97.npy,5.91
5254,4dx8_98.npy,5.91
5255,4dx8_99.npy,5.91
5275,4eoz_100.npy,6.0
5316,4eoz_90.npy,6.0
5317,4eoz_91.npy,6.0
5318,4eoz_92.npy,6.0
5319,4eoz_93.npy,6.0
5320,4eoz_94.npy,6.0
5321,4eoz_95.npy,6.0
5322,4eoz_96.npy,6.0
5323,4eoz_97.npy,6.0
5324,4eoz_98.npy,6.0
5325,4eoz_99.npy,6.0
5359,4g6v_100.npy,7.68
5400,4g6v_90.npy,7.68
5401,4g6v_91.npy,7.68
5402,4g6v_92.npy,7.68
5403,4g6v_93.npy,7.68
5404,4g6v_94.npy,7.68
5405,4g6v_95.npy,7.68
5406,4g6v_96.npy,7.68
5407,4g6v_97.npy,7.68
5408,4g6v_98.npy,7.68
5409,4g6v_99.npy,7.68
5420,4giq_100.npy,5.68
5461,4giq_90.npy,5.68
5462,4giq_91.npy,5.68
5463,4giq_92.npy,5.68
5464,4giq_93.npy,5.68
5465,4giq_94.npy,5.68
5466,4giq_95.npy,5.68
5467,4giq_96.npy,5.68
5468,4giq_97.npy,5.68
5469,4giq_98.npy,5.68
5470,4giq_99.npy,5.68
5480,4grl_100.npy,3.81
5521,4grl_90.npy,3.81
5522,4grl_91.npy,3.81
5523,4grl_92.npy,3.81
5524,4grl_93.npy,3.81
5525,4grl_94.npy,3.81
5526,4grl_95.npy,3.81
5527,4grl_96.npy,3.81
5528,4grl_97.npy,3.81
5529,4grl_98.npy,3.81
5530,4grl_99.npy,3.81
5540,4hcn_100.npy,3.97
5581,4hcn_90.npy,3.97
5582,4hcn_91.npy,3.97
5583,4hcn_92.npy,3.97
5584,4hcn_93.npy,3.97
5585,4hcn_94.npy,3.97
5586,4hcn_95.npy,3.97
5587,4hcn_96.npy,3.97
5588,4hcn_97.npy,3.97
5589,4hcn_98.npy,3.97
5590,4hcn_99.npy,3.97
5592,4hcp_100.npy,5.03
5633,4hcp_90.npy,5.03
5634,4hcp_91.npy,5.03
5635,4hcp_92.npy,5.03
5636,4hcp_93.npy,5.03
5637,4hcp_94.npy,5.03
5638,4hcp_95.npy,5.03
5639,4hcp_96.npy,5.03
5640,4hcp_97.npy,5.03
5641,4hcp_98.npy,5.03
5642,4hcp_99.npy,5.03
5676,4ika_100.npy,4.24
5717,4ika_90.npy,4.24
5718,4ika_91.npy,4.24
5719,4ika_92.npy,4.24
5720,4ika_93.npy,4.24
5721,4ika_94.npy,4.24
5722,4ika_95.npy,4.24
5723,4ika_96.npy,4.24
5724,4ika_97.npy,4.24
5725,4ika_98.npy,4.24
5726,4ika_99.npy,4.24
5730,4imy_100.npy,8.0
5771,4imy_90.npy,8.0
5772,4imy_91.npy,8.0
5773,4imy_92.npy,8.0
5774,4imy_93.npy,8.0
5775,4imy_94.npy,8.0
5776,4imy_95.npy,8.0
5777,4imy_96.npy,8.0
5778,4imy_97.npy,8.0
5779,4imy_98.npy,8.0
5780,4imy_99.npy,8.0
5789,4j2y_100.npy,9.06
5830,4j2y_90.npy,9.06
5831,4j2y_91.npy,9.06
5832,4j2y_92.npy,9.06
5833,4j2y_93.npy,9.06
5834,4j2y_94.npy,9.06
5835,4j2y_95.npy,9.06
5836,4j2y_96.npy,9.06
5837,4j2y_97.npy,9.06
5838,4j2y_98.npy,9.06
5839,4j2y_99.npy,9.06
5860,4jzw_100.npy,10.81
5901,4jzw_90.npy,10.81
5902,4jzw_91.npy,10.81
5903,4jzw_92.npy,10.81
5904,4jzw_93.npy,10.81
5905,4jzw_94.npy,10.81
5906,4jzw_95.npy,10.81
5907,4jzw_96.npy,10.81
5908,4jzw_97.npy,10.81
5909,4jzw_98.npy,10.81
5910,4jzw_99.npy,10.81
5912,4k0a_100.npy,9.74
5953,4k0a_90.npy,9.74
5954,4k0a_91.npy,9.74
5955,4k0a_92.npy,9.74
5956,4k0a_93.npy,9.74
5957,4k0a_94.npy,9.74
5958,4k0a_95.npy,9.74
5959,4k0a_96.npy,9.74
5960,4k0a_97.npy,9.74
5961,4k0a_98.npy,9.74
5962,4k0a_99.npy,9.74
5967,4k3j_100.npy,8.92
6008,4k3j_90.npy,8.92
6009,4k3j_91.npy,8.92
6010,4k3j_92.npy,8.92
6011,4k3j_93.npy,8.92
6012,4k3j_94.npy,8.92
6013,4k3j_95.npy,8.92
6014,4k3j_96.npy,8.92
6015,4k3j_97.npy,8.92
6016,4k3j_98.npy,8.92
6017,4k3j_99.npy,8.92
6051,4lmq_100.npy,9.03
6092,4lmq_90.npy,9.03
6093,4lmq_91.npy,9.03
6094,4lmq_92.npy,9.03
6095,4lmq_93.npy,9.03
6096,4lmq_94.npy,9.03
6097,4lmq_95.npy,9.03
6098,4lmq_96.npy,9.03
6099,4lmq_97.npy,9.03
6100,4lmq_98.npy,9.03
6101,4lmq_99.npy,9.03
6180,4per_100.npy,15.0
6221,4per_90.npy,15.0
6222,4per_91.npy,15.0
6223,4per_92.npy,15.0
6224,4per_93.npy,15.0
6225,4per_94.npy,15.0
6226,4per_95.npy,15.0
6227,4per_96.npy,15.0
6228,4per_97.npy,15.0
6229,4per_98.npy,15.0
6230,4per_99.npy,15.0
6239,4pjb_100.npy,5.04
6280,4pjb_90.npy,5.04
6281,4pjb_91.npy,5.04
6282,4pjb_92.npy,5.04
6283,4pjb_93.npy,5.04
6284,4pjb_94.npy,5.04
6285,4pjb_95.npy,5.04
6286,4pjb_96.npy,5.04
6287,4pjb_97.npy,5.04
6288,4pjb_98.npy,5.04
6289,4pjb_99.npy,5.04
6302,4pqt_100.npy,5.96
6343,4pqt_90.npy,5.96
6344,4pqt_91.npy,5.96
6345,4pqt_92.npy,5.96
6346,4pqt_93.npy,5.96
6347,4pqt_94.npy,5.96
6348,4pqt_95.npy,5.96
6349,4pqt_96.npy,5.96
6350,4pqt_97.npy,5.96
6351,4pqt_98.npy,5.96
6352,4pqt_99.npy,5.96
6432,4tq0_100.npy,5.16
6473,4tq0_90.npy,5.16
6474,4tq0_91.npy,5.16
6475,4tq0_92.npy,5.16
6476,4tq0_93.npy,5.16
6477,4tq0_94.npy,5.16
6478,4tq0_95.npy,5.16
6479,4tq0_96.npy,5.16
6480,4tq0_97.npy,5.16
6481,4tq0_98.npy,5.16
6482,4tq0_99.npy,5.16
6493,4u6v_100.npy,11.0
6534,4u6v_90.npy,11.0
6535,4u6v_91.npy,11.0
6536,4u6v_92.npy,11.0
6537,4u6v_93.npy,11.0
6538,4u6v_94.npy,11.0
6539,4u6v_95.npy,11.0
6540,4u6v_96.npy,11.0
6541,4u6v_97.npy,11.0
6542,4u6v_98.npy,11.0
6543,4u6v_99.npy,11.0
6554,4uwx_100.npy,5.16
6595,4uwx_90.npy,5.16
6596,4uwx_91.npy,5.16
6597,4uwx_92.npy,5.16
6598,4uwx_93.npy,5.16
6599,4uwx_94.npy,5.16
6600,4uwx_95.npy,5.16
6601,4uwx_96.npy,5.16
6602,4uwx_97.npy,5.16
6603,4uwx_98.npy,5.16
6604,4uwx_99.npy,5.16
6670,4wen_100.npy,7.0
6711,4wen_90.npy,7.0
6712,4wen_91.npy,7.0
6713,4wen_92.npy,7.0
6714,4wen_93.npy,7.0
6715,4wen_94.npy,7.0
6716,4wen_95.npy,7.0
6717,4wen_96.npy,7.0
6718,4wen_97.npy,7.0
6719,4wen_98.npy,7.0
6720,4wen_99.npy,7.0
6729,4wwi_100.npy,7.82
6770,4wwi_90.npy,7.82
6771,4wwi_91.npy,7.82
6772,4wwi_92.npy,7.82
6773,4wwi_93.npy,7.82
6774,4wwi_94.npy,7.82
6775,4wwi_95.npy,7.82
6776,4wwi_96.npy,7.82
6777,4wwi_97.npy,7.82
6778,4wwi_98.npy,7.82
6779,4wwi_99.npy,7.82
6801,4xxb_100.npy,5.83
6842,4xxb_90.npy,5.83
6843,4xxb_91.npy,5.83
6844,4xxb_92.npy,5.83
6845,4xxb_93.npy,5.83
6846,4xxb_94.npy,5.83
6847,4xxb_95.npy,5.83
6848,4xxb_96.npy,5.83
6849,4xxb_97.npy,5.83
6850,4xxb_98.npy,5.83
6851,4xxb_99.npy,5.83
6888,4zii_100.npy,7.18
6929,4zii_90.npy,7.18
6930,4zii_91.npy,7.18
6931,4zii_92.npy,7.18
6932,4zii_93.npy,7.18
6933,4zii_94.npy,7.18
6934,4zii_95.npy,7.18
6935,4zii_96.npy,7.18
6936,4zii_97.npy,7.18
6937,4zii_98.npy,7.18
6938,4zii_99.npy,7.18
6956,5abv_100.npy,9.28
6997,5abv_90.npy,9.28
6998,5abv_91.npy,9.28
6999,5abv_92.npy,9.28
7000,5abv_93.npy,9.28
7001,5abv_94.npy,9.28
7002,5abv_95.npy,9.28
7003,5abv_96.npy,9.28
7004,5abv_97.npy,9.28
7005,5abv_98.npy,9.28
7006,5abv_99.npy,9.28
7020,5b77_100.npy,4.97
7061,5b77_90.npy,4.97
7062,5b77_91.npy,4.97
7063,5b77_92.npy,4.97
7064,5b77_93.npy,4.97
7065,5b77_94.npy,4.97
7066,5b77_95.npy,4.97
7067,5b77_96.npy,4.97
7068,5b77_97.npy,4.97
7069,5b77_98.npy,4.97
7070,5b77_99.npy,4.97
7075,5bnq_100.npy,9.81
7116,5bnq_90.npy,9.81
7117,5bnq_91.npy,9.81
7118,5bnq_92.npy,9.81
7119,5bnq_93.npy,9.81
7120,5bnq_94.npy,9.81
7121,5bnq_95.npy,9.81
7122,5bnq_96.npy,9.81
7123,5bnq_97.npy,9.81
7124,5bnq_98.npy,9.81
7125,5bnq_99.npy,9.81
7161,5d1m_100.npy,7.21
7202,5d1m_90.npy,7.21
7203,5d1m_91.npy,7.21
7204,5d1m_92.npy,7.21
7205,5d1m_93.npy,7.21
7206,5d1m_94.npy,7.21
7207,5d1m_95.npy,7.21
7208,5d1m_96.npy,7.21
7209,5d1m_97.npy,7.21
7210,5d1m_98.npy,7.21
7211,5d1m_99.npy,7.21
7259,5d2n_90.npy,5.33
7260,5d2n_91.npy,5.33
7261,5d2n_92.npy,5.33
7262,5d2n_93.npy,5.33
7263,5d2n_94.npy,5.33
7264,5d2n_95.npy,5.33
7265,5d2n_96.npy,5.33
7266,5d2n_97.npy,5.33
7267,5d2n_98.npy,5.33
7268,5d2n_99.npy,5.33
7270,5d3i_100.npy,9.22
7311,5d3i_90.npy,9.22
7312,5d3i_91.npy,9.22
7313,5d3i_92.npy,9.22
7314,5d3i_93.npy,9.22
7315,5d3i_94.npy,9.22
7316,5d3i_95.npy,9.22
7317,5d3i_96.npy,9.22
7318,5d3i_97.npy,9.22
7319,5d3i_98.npy,9.22
7320,5d3i_99.npy,9.22
7364,5d5m_90.npy,6.15
7365,5d5m_91.npy,6.15
7366,5d5m_92.npy,6.15
7367,5d5m_93.npy,6.15
7368,5d5m_94.npy,6.15
7369,5d5m_95.npy,6.15
7370,5d5m_96.npy,6.15
7371,5d5m_97.npy,6.15
7372,5d5m_98.npy,6.15
7373,5d5m_99.npy,6.15
7382,5d93_100.npy,7.8
7423,5d93_90.npy,7.8
7424,5d93_91.npy,7.8
7425,5d93_92.npy,7.8
7426,5d93_93.npy,7.8
7427,5d93_94.npy,7.8
7428,5d93_95.npy,7.8
7429,5d93_96.npy,7.8
7430,5d93_97.npy,7.8
7431,5d93_98.npy,7.8
7432,5d93_99.npy,7.8
7462,5ee5_100.npy,4.59
7503,5ee5_90.npy,4.59
7504,5ee5_91.npy,4.59
7505,5ee5_92.npy,4.59
7506,5ee5_93.npy,4.59
7507,5ee5_94.npy,4.59
7508,5ee5_95.npy,4.59
7509,5ee5_96.npy,4.59
7510,5ee5_97.npy,4.59
7511,5ee5_98.npy,4.59
7512,5ee5_99.npy,4.59
7528,5f3b_100.npy,11.52
7569,5f3b_90.npy,11.52
7570,5f3b_91.npy,11.52
7571,5f3b_92.npy,11.52
7572,5f3b_93.npy,11.52
7573,5f3b_94.npy,11.52
7574,5f3b_95.npy,11.52
7575,5f3b_96.npy,11.52
7576,5f3b_97.npy,11.52
7577,5f3b_98.npy,11.52
7578,5f3b_99.npy,11.52
7598,5fzt_100.npy,4.32
7639,5fzt_90.npy,4.32
7640,5fzt_91.npy,4.32
7641,5fzt_92.npy,4.32
7642,5fzt_93.npy,4.32
7643,5fzt_94.npy,4.32
7644,5fzt_95.npy,4.32
7645,5fzt_96.npy,4.32
7646,5fzt_97.npy,4.32
7647,5fzt_98.npy,4.32
7648,5fzt_99.npy,4.32
7705,5gjk_100.npy,6.92
7746,5gjk_90.npy,6.92
7747,5gjk_91.npy,6.92
7748,5gjk_92.npy,6.92
7749,5gjk_93.npy,6.92
7750,5gjk_94.npy,6.92
7751,5gjk_95.npy,6.92
7752,5gjk_96.npy,6.92
7753,5gjk_97.npy,6.92
7754,5gjk_98.npy,6.92
7755,5gjk_99.npy,6.92
7759,5gtb_100.npy,4.34
7800,5gtb_90.npy,4.34
7801,5gtb_91.npy,4.34
7802,5gtb_92.npy,4.34
7803,5gtb_93.npy,4.34
7804,5gtb_94.npy,4.34
7805,5gtb_95.npy,4.34
7806,5gtb_96.npy,4.34
7807,5gtb_97.npy,4.34
7808,5gtb_98.npy,4.34
7809,5gtb_99.npy,4.34
7830,5hvf_100.npy,10.52
7871,5hvf_90.npy,10.52
7872,5hvf_91.npy,10.52
7873,5hvf_92.npy,10.52
7874,5hvf_93.npy,10.52
7875,5hvf_94.npy,10.52
7876,5hvf_95.npy,10.52
7877,5hvf_96.npy,10.52
7878,5hvf_97.npy,10.52
7879,5hvf_98.npy,10.52
7880,5hvf_99.npy,10.52
7894,5ij0_100.npy,5.1
7935,5ij0_90.npy,5.1
7936,5ij0_91.npy,5.1
7937,5ij0_92.npy,5.1
7938,5ij0_93.npy,5.1
7939,5ij0_94.npy,5.1
7940,5ij0_95.npy,5.1
7941,5ij0_96.npy,5.1
7942,5ij0_97.npy,5.1
7943,5ij0_98.npy,5.1
7944,5ij0_99.npy,5.1
7946,5ij9_100.npy,4.87
7987,5ij9_90.npy,4.87
7988,5ij9_91.npy,4.87
7989,5ij9_92.npy,4.87
7990,5ij9_93.npy,4.87
7991,5ij9_94.npy,4.87
7992,5ij9_95.npy,4.87
7993,5ij9_96.npy,4.87
7994,5ij9_97.npy,4.87
7995,5ij9_98.npy,4.87
7996,5ij9_99.npy,4.87
8003,5inb_100.npy,6.91
8044,5inb_90.npy,6.91
8045,5inb_91.npy,6.91
8046,5inb_92.npy,6.91
8047,5inb_93.npy,6.91
8048,5inb_94.npy,6.91
8049,5inb_95.npy,6.91
8050,5inb_96.npy,6.91
8051,5inb_97.npy,6.91
8052,5inb_98.npy,6.91
8053,5inb_99.npy,6.91
8056,5ip4_100.npy,6.35
8097,5ip4_90.npy,6.35
8098,5ip4_91.npy,6.35
8099,5ip4_92.npy,6.35
8100,5ip4_93.npy,6.35
8101,5ip4_94.npy,6.35
8102,5ip4_95.npy,6.35
8103,5ip4_96.npy,6.35
8104,5ip4_97.npy,6.35
8105,5ip4_98.npy,6.35
8106,5ip4_99.npy,6.35
8119,5j57_100.npy,10.7
8160,5j57_90.npy,10.7
8161,5j57_91.npy,10.7
8162,5j57_92.npy,10.7
8163,5j57_93.npy,10.7
8164,5j57_94.npy,10.7
8165,5j57_95.npy,10.7
8166,5j57_96.npy,10.7
8167,5j57_97.npy,10.7
8168,5j57_98.npy,10.7
8169,5j57_99.npy,10.7
8191,5jw7_100.npy,5.04
8232,5jw7_90.npy,5.04
8233,5jw7_91.npy,5.04
8234,5jw7_92.npy,5.04
8235,5jw7_93.npy,5.04
8236,5jw7_94.npy,5.04
8237,5jw7_95.npy,5.04
8238,5jw7_96.npy,5.04
8239,5jw7_97.npy,5.04
8240,5jw7_98.npy,5.04
8241,5jw7_99.npy,5.04
8255,5kvd_100.npy,6.58
8296,5kvd_90.npy,6.58
8297,5kvd_91.npy,6.58
8298,5kvd_92.npy,6.58
8299,5kvd_93.npy,6.58
8300,5kvd_94.npy,6.58
8301,5kvd_95.npy,6.58
8302,5kvd_96.npy,6.58
8303,5kvd_97.npy,6.58
8304,5kvd_98.npy,6.58
8305,5kvd_99.npy,6.58
8313,5ky0_100.npy,5.19
8354,5ky0_90.npy,5.19
8355,5ky0_91.npy,5.19
8356,5ky0_92.npy,5.19
8357,5ky0_93.npy,5.19
8358,5ky0_94.npy,5.19
8359,5ky0_95.npy,5.19
8360,5ky0_96.npy,5.19
8361,5ky0_97.npy,5.19
8362,5ky0_98.npy,5.19
8363,5ky0_99.npy,5.19
8365,5ky4_100.npy,5.0
8406,5ky4_90.npy,5.0
8407,5ky4_91.npy,5.0
8408,5ky4_92.npy,5.0
8409,5ky4_93.npy,5.0
8410,5ky4_94.npy,5.0
8411,5ky4_95.npy,5.0
8412,5ky4_96.npy,5.0
8413,5ky4_97.npy,5.0
8414,5ky4_98.npy,5.0
8415,5ky4_99.npy,5.0
8418,5ky9_100.npy,5.23
8459,5ky9_90.npy,5.23
8460,5ky9_91.npy,5.23
8461,5ky9_92.npy,5.23
8462,5ky9_93.npy,5.23
8463,5ky9_94.npy,5.23
8464,5ky9_95.npy,5.23
8465,5ky9_96.npy,5.23
8466,5ky9_97.npy,5.23
8467,5ky9_98.npy,5.23
8468,5ky9_99.npy,5.23
8485,5m2j_100.npy,9.89
8526,5m2j_90.npy,9.89
8527,5m2j_91.npy,9.89
8528,5m2j_92.npy,9.89
8529,5m2j_93.npy,9.89
8530,5m2j_94.npy,9.89
8531,5m2j_95.npy,9.89
8532,5m2j_96.npy,9.89
8533,5m2j_97.npy,9.89
8534,5m2j_98.npy,9.89
8535,5m2j_99.npy,9.89
8541,5ma3_100.npy,10.42
8582,5ma3_90.npy,10.42
8583,5ma3_91.npy,10.42
8584,5ma3_92.npy,10.42
8585,5ma3_93.npy,10.42
8586,5ma3_94.npy,10.42
8587,5ma3_95.npy,10.42
8588,5ma3_96.npy,10.42
8589,5ma3_97.npy,10.42
8590,5ma3_98.npy,10.42
8591,5ma3_99.npy,10.42
8593,5ma4_100.npy,10.28
8634,5ma4_90.npy,10.28
8635,5ma4_91.npy,10.28
8636,5ma4_92.npy,10.28
8637,5ma4_93.npy,10.28
8638,5ma4_94.npy,10.28
8639,5ma4_95.npy,10.28
8640,5ma4_96.npy,10.28
8641,5ma4_97.npy,10.28
8642,5ma4_98.npy,10.28
8643,5ma4_99.npy,10.28
8646,5ma6_100.npy,9.52
8687,5ma6_90.npy,9.52
8688,5ma6_91.npy,9.52
8689,5ma6_92.npy,9.52
8690,5ma6_93.npy,9.52
8691,5ma6_94.npy,9.52
8692,5ma6_95.npy,9.52
8693,5ma6_96.npy,9.52
8694,5ma6_97.npy,9.52
8695,5ma6_98.npy,9.52
8696,5ma6_99.npy,9.52
8717,5mv8_100.npy,5.85
8758,5mv8_90.npy,5.85
8759,5mv8_91.npy,5.85
8760,5mv8_92.npy,5.85
8761,5mv8_93.npy,5.85
8762,5mv8_94.npy,5.85
8763,5mv8_95.npy,5.85
8764,5mv8_96.npy,5.85
8765,5mv8_97.npy,5.85
8766,5mv8_98.npy,5.85
8767,5mv8_99.npy,5.85
8772,5n47_100.npy,8.15
8813,5n47_90.npy,8.15
8814,5n47_91.npy,8.15
8815,5n47_92.npy,8.15
8816,5n47_93.npy,8.15
8817,5n47_94.npy,8.15
8818,5n47_95.npy,8.15
8819,5n47_96.npy,8.15
8820,5n47_97.npy,8.15
8821,5n47_98.npy,8.15
8822,5n47_99.npy,8.15
8841,5nvk_100.npy,9.4
8882,5nvk_90.npy,9.4
8883,5nvk_91.npy,9.4
8884,5nvk_92.npy,9.4
8885,5nvk_93.npy,9.4
8886,5nvk_94.npy,9.4
8887,5nvk_95.npy,9.4
8888,5nvk_96.npy,9.4
8889,5nvk_97.npy,9.4
8890,5nvk_98.npy,9.4
8891,5nvk_99.npy,9.4
9156,6cwg_100.npy,9.99
9197,6cwg_90.npy,9.99
9198,6cwg_91.npy,9.99
9199,6cwg_92.npy,9.99
9200,6cwg_93.npy,9.99
9201,6cwg_94.npy,9.99
9202,6cwg_95.npy,9.99
9203,6cwg_96.npy,9.99
9204,6cwg_97.npy,9.99
9205,6cwg_98.npy,9.99
9206,6cwg_99.npy,9.99
9232,6dwh_100.npy,9.7
9273,6dwh_90.npy,9.7
9274,6dwh_91.npy,9.7
9275,6dwh_92.npy,9.7
9276,6dwh_93.npy,9.7
9277,6dwh_94.npy,9.7
9278,6dwh_95.npy,9.7
9279,6dwh_96.npy,9.7
9280,6dwh_97.npy,9.7
9281,6dwh_98.npy,9.7
9282,6dwh_99.npy,9.7
9322,6fto_100.npy,8.59
9363,6fto_90.npy,8.59
9364,6fto_91.npy,8.59
9365,6fto_92.npy,8.59
9366,6fto_93.npy,8.59
9367,6fto_94.npy,8.59
9368,6fto_95.npy,8.59
9369,6fto_96.npy,8.59
9370,6fto_97.npy,8.59
9371,6fto_98.npy,8.59
9372,6fto_99.npy,8.59
9398,6h3t_100.npy,8.27
9439,6h3t_90.npy,8.27
9440,6h3t_91.npy,8.27
9441,6h3t_92.npy,8.27
9442,6h3t_93.npy,8.27
9443,6h3t_94.npy,8.27
9444,6h3t_95.npy,8.27
9445,6h3t_96.npy,8.27
9446,6h3t_97.npy,8.27
9447,6h3t_98.npy,8.27
9448,6h3t_99.npy,8.27
9454,6h6z_100.npy,8.34
9495,6h6z_90.npy,8.34
9496,6h6z_91.npy,8.34
9497,6h6z_92.npy,8.34
9498,6h6z_93.npy,8.34
9499,6h6z_94.npy,8.34
9500,6h6z_95.npy,8.34
9501,6h6z_96.npy,8.34
9502,6h6z_97.npy,8.34
9503,6h6z_98.npy,8.34
9504,6h6z_99.npy,8.34
9542,6j7w_100.npy,9.52
9583,6j7w_90.npy,9.52
9584,6j7w_91.npy,9.52
9585,6j7w_92.npy,9.52
9586,6j7w_93.npy,9.52
9587,6j7w_94.npy,9.52
9588,6j7w_95.npy,9.52
9589,6j7w_96.npy,9.52
9590,6j7w_97.npy,9.52
9591,6j7w_98.npy,9.52
9592,6j7w_99.npy,9.52
9649,6nrw_100.npy,4.64
9690,6nrw_90.npy,4.64
9691,6nrw_91.npy,4.64
9692,6nrw_92.npy,4.64
9693,6nrw_93.npy,4.64
9694,6nrw_94.npy,4.64
9695,6nrw_95.npy,4.64
9696,6nrw_96.npy,4.64
9697,6nrw_97.npy,4.64
9698,6nrw_98.npy,4.64
9699,6nrw_99.npy,4.64
9707,6o3a_100.npy,8.28
9747,6o3a_89.npy,8.28
9748,6o3a_90.npy,8.28
9749,6o3a_91.npy,8.28
9750,6o3a_92.npy,8.28
9751,6o3a_93.npy,8.28
9752,6o3a_94.npy,8.28
9753,6o3a_95.npy,8.28
9754,6o3a_96.npy,8.28
9755,6o3a_97.npy,8.28
9756,6o3a_98.npy,8.28
1507,5ohm.npy,10.33
1514,5osh.npy,6.82
1519,5sws.npy,4.52
1525,5t1d.npy,7.07
1528,5t5f.npy,9.72
1529,5t5w.npy,4.8
1539,5thp.npy,9.68
1542,5toj.npy,7.64
1543,5tru.npy,7.97
1544,5tte.npy,6.57
1550,5tzt.npy,8.54
1555,5un5.npy,7.74
1557,5uq3.npy,6.74
1559,5usl.npy,10.8
1567,5v52.npy,5.43
1570,5v5v.npy,7.68
1572,5vcb.npy,7.21
1574,5vmm.npy,9.38
1575,5vob.npy,9.82
1585,5vyf.npy,9.73
1588,5w0k.npy,7.16
1589,5w1m.npy,7.79
1590,5w1t.npy,6.95
1596,5wb7.npy,6.12
1597,5wb8.npy,5.55
1600,5wko.npy,9.0
1603,5wux.npy,10.56
1606,5x0w.npy,5.43
1609,5xda.npy,5.8
1610,5xfs.npy,6.88
1612,5xj3.npy,7.74
1617,5xnp.npy,6.55
1622,5xwd.npy,8.23
1623,5xwt.npy,4.84
1624,5xxy.npy,8.0
1633,5ywo.npy,8.19
1634,5ywp.npy,8.54
1636,5zxv.npy,7.24
1645,6atk.npy,6.37
1656,6b3m.npy,9.16
1659,6b9j.npy,9.46
1666,6bkd.npy,6.95
1672,6bx5.npy,7.85
1676,6c16.npy,6.38
1678,6ce9.npy,8.46
1685,6cqr.npy,4.98
1686,6cwt.npy,11.7
1693,6e2p.npy,4.73
1696,6eg1.npy,4.12
1698,6ejg.npy,9.09
1700,6eyd.npy,7.05
